"Name","Description"
"V1.205","p108, Gloucester Walk"
"V1.206","p108, Kensington Church Street"
"V1.207","p108, Hornton Street"
"V1.208","p108, De Vere Gardens"
"V1.209","p108, Marloes Road"
"V1.210","p109, Hyde Park"
"V1.211","p109, Lancelot Place"
"V1.212","p109, Exhibition Road"
"V1.213","p109, Queen's Gate"
"V1.214","p109, Stanhope Mews East"
"V1.215","p109, Cromwell Road"
"V1.216","p109, Harrington Road"
"V1.218","p110, Constitution Hill"
"V1.219","p110, Buckingham Palace Gardens"
"V1.220","p111, Birdcage Walk. Putative: Landed on Guards Chapel, see Jones 'Most Secret War' p.424"
"V1.221","p111, Buckingham Gate"
"V1.222","p111, Victoria Station"
"V1.223","p111, Rutherford Street"
"V1.224","p111, Medway Street"
"V1.225","p111, Tufton Street"
"V1.229","p112, York Road"
"V1.230","p112, St. Thomas's Hospital"
"V1.231","p112, Archibishop's Park"
"V1.232","p112, Lambeth Road"
"V1.233","p112, Lambeth Walk"
"V1.236","p113, Swan Street"
"V1.237","p113, Harper Road"
"V1.238","p113, Bath Terrace"
"V1.242","p114, Snowsfields"
"V1.243","p114, White's Grounds"
"V1.244","p114, Druid Street"
"V1.245","p114, Riley Road"
"V1.247","p115, Queen Elizabeth Street"
"V1.248","p115, Lafone Street"
"V1.249","p115, Queen Elizabeth Street"
"V1.250","p115, Bermondsey Wall East"
"V1.251","p115, St. James's Road"
"V1.254","p116, Rotherhithe (The Thames)"
"V1.256","p116, Rotherhithe"
"V1.257","p116, Neptune Street"
"V1.258","p116, Neptune Street"
"V1.259","p116, Moodkee Street"
"V1.260","p116, Gomm Road"
"V1.261","p116, Surrey Quays"
"V1.262","p116, Greenland Dock"
"V1.263","p117, Greenland Dock"
"V1.264","p117, Surrey Quays"
"V1.267","p117, Rotherhithe Street"
"V1.268","p117, Rotherhithe "
"V1.269","p117, Rotherhithe"
"V1.272","p117, Canary Wharf (The Thames)"
"V1.273","p117, Millwall Outer Dock (The Thames)"
"V1.274","p117, Millwall Outer Dock (The Thames)"
"V1.275","p118, East Ferry Road"
"V1.276","p118, Galbraith Street"
"V1.281","p119, Isle of Dogs"
"V1.282","p119, Isle of Dogs (The Thames)"
"V1.283","p119, North Greenwich"
"V1.284","p121, New Charlton (The Thames)"
"V1.285","p121, Siemens Road"
"V1.286","p121, Woolwich (The Thames)"
"V1.287","p121, Woolwich (The Thames)"
"V1.289","p122, Woolwich Dockyard (The Thames)"
"V1.290","p122, Woolwich Dockyard (The Thames)"
"V1.291","p122, Woolwich Dockyard (The Thames)"
"V1.298","p129, Philbeach Gardens"
"V1.299","p129, Nevern Square"
"V1.302","p129, Racton Road"
"V1.304","p129, Effie Road"
"V1.305","p130, Brompton Cemetery"
"V1.306","p130, Brechin Place"
"V1.307","p131, Pelham Crescent"
"V1.308","p131, Chelsea (The Thames)"
"V1.309","p131, Battersea (The Thames)"
"V1.310","p131, Radstock Street"
"V1.311","p132, Turk's Row"
"V1.312","p132, Battersea Park"
"V1.313","p132, Peabody Avenue"
"V1.314","p133, Turpentine Lane"
"V1.315","p133, Winchester Street"
"V1.316","p133, Grosvenor Road"
"V1.317","p133, Regency Street"
"V1.318","p133, Vauxhall Bridge (The Thames)"
"V1.319","p133, Nine Elms"
"V1.320","p133, Nine Elms"
"V1.321","p133, Wyvil Road"
"V1.322","p133, Wilcox Road"
"V1.323","p134, Vauxhall Park"
"V1.324","p134, Fentiman Road"
"V1.325","p134, Richborne Terrace"
"V1.326","p134, The Oval"
"V1.327","p134, Clapham Road"
"V1.328","p134, Montford Place"
"V1.329","p134, Kennington Lane"
"V1.330","p134, Vauxhall Street"
"V1.331","p135, Camberwell New Road"
"V1.332","p135, Stannary Street"
"V1.333","p135, Kennington"
"V1.334","p135, Holyoak Road"
"V1.335","p135, Holyoak Road"
"V1.336","p135, Delverton Road"
"V1.337","p135, Manor Place"
"V1.338","p135, Penrose Street"
"V1.339","p135, Bronti Close"
"V1.340","p135, Sutherland Square"
"V1.341","p135, Camberwell"
"V1.342","p135, Albany Road"
"V1.343","p136, Phelp Street"
"V1.344","p136, Dawes Street"
"V1.345","p136, Walworth"
"V1.346","p136, Walworth"
"V1.347","p136, Parkhouse Street"
"V1.348","p137, Pennack Road"
"V1.349","p137, Willowbrook Road"
"V1.350","p137, Haymerle Road"
"V1.351","p137, Frensham Street"
"V1.352","p137, Bird in Bush"
"V1.353","p137, Green Hundred Road"
"V1.354","p137, Rolls Road"
"V1.355","p137, Raymouth Road"
"V1.356","p137, Radnor Road"
"V1.357","p138, Record Street"
"V1.358","p138, New Cross (railway)"
"V1.359","p138, Cold Blow Lane"
"V1.360","p138, New Cross (railway)"
"V1.361","p138, Bolina Road"
"V1.362","p138, Bush Road"
"V1.363","p138, Croft Street"
"V1.364","p139, Evelyn Street"
"V1.365","p139, Gosterwood Street"
"V1.366","p139, Vansittart Street"
"V1.367","p139, Arklow Road"
"V1.368","p139, Sayes Court Street"
"V1.369","p139, Czar Street"
"V1.370","p139, Watergate Street"
"V1.371","p139, Watergate Street"
"V1.372","p139, Deptford Green"
"V1.373","p139, Deptford"
"V1.374","p139, Deptford"
"V1.375","p139, Deptford"
"V1.376","p139, Plough Way"
"V1.377","p139, Deptford (The Thames)"
"V1.378","p140, Millwall (The Thames)"
"V1.379","p140, Westferry Road"
"V1.380","p140, Millwall (The Thames)"
"V1.381","p140, Greenwich"
"V1.382","p140, South Church Street"
"V1.383","p140, Norman Road"
"V1.384","p141, Park Row"
"V1.385","p141, Park Row"
"V1.386","p141, Mell Street"
"V1.387","p141, North Greenwich"
"V1.388","p141, North Greenwich"
"V1.389","p142, Dupree Road"
"V1.390","p142, Charlton"
"V1.391","p142, North Greenwich"
"V1.392","p142, Anchor and Hope Lane"
"V1.393","p142, Beaconsfield Road"
"V1.394","p142, Hardy Road"
"V1.295","p143, Anchor and Hope Lane"
"V1.396","p143, Delafield Road"
"V1.397","p143, Mascalls Road"
"V1.398","p143, Charlton Road"
"V1.399","p143, Canberra Road"
"V1.400","p143, Charlton Park"
"V1.401","p143, Charlton Park"
"V1.402","p143, Kinveachy Gardens"
"V1.403","p143, Eastmoor Place"
"V1.422","p151, Barclay Road"
"V1.423","p151, Peterborough Road"
"V1.424","p152, Avalon Road"
"V1.425","p152, Imperial Wharf"
"V1.426","p152, Imperial Wharf (The Thames)"
"V1.427","p152, Cotton Row (The Thames)"
"V1.428","p152, Cotton Row (The Thames)"
"V1.429","p153, Chelsea Harbour (The Thames)"
"V1.430","p153, Battersea Reach (The Thames)"
"V1.431","p153, Cotton Row"
"V1.432","p153, Gwynne Road"
"V1.433","p153, Petworth Street"
"V1.434","p153, Battersea Park"
"V1.435","p153, Batten Street"
"V1.436","p154, Battersea Park"
"V1.437","p154, Prince of Wales Drive"
"V1.438","p154, Lurline Gardens"
"V1.439","p154, Broughton Street"
"V1.440","p154, Brassey Square"
"V1.441","p154, Montefiore Street"
"V1.442","p155, Queenstown Road"
"V1.443","p155, Corunna Terrace"
"V1.444","p155, Corunna Road"
"V1.445","p155, Wandsworth Road"
"V1.446","p155, Wandsworth Road"
"V1.447","p155, Fount Street"
"V1.448","p155, Larkhall Lane"
"V1.449","p155, Clarence Walk"
"V1.450","p155, Gauden Road"
"V1.451","p155, Gauden Road"
"V1.452","p155, Clapham High Street"
"V1.453","p156, Hartington Road"
"V1.454","p156, Studley Road"
"V1.455","p156, Paradise Road"
"V1.456","p156, Lorn Road"
"V1.457","p156, Sidney Road"
"V1.458","p156, Rumsey Road"
"V1.459","p157, Loughborough Road"
"V1.460","p157, Lowth Road"
"V1.461","p157, Lothian Road"
"V1.462","p157, Camberwell Station Road"
"V1.463","p157, Medlar Street"
"V1.464","p157, Wyndham Road"
"V1.465","p157, Lomond Grove"
"V1.466","p158, St Giles Road"
"V1.467","p158, Southampton Way"
"V1.468","p158, Pentridge Street"
"V1.469","p158, Camberwell Grove"
"V1.470","p159, Commercial Way"
"V1.471","p159, Mckerrell Road"
"V1.472","p159, Raul Road"
"V1.473","p159, Wood's Road"
"V1.474","p159, Bidwell Street"
"V1.475","p159, Copeland Road"
"V1.476","p159, Stanbury Road"
"V1.477","p159, McDermott Road"
"V1.478","p159, Scylla Road"
"V1.479","p160, Besson Street"
"V1.480","p160, Erlanger Road"
"V1.481","p160, Troutbeck Road"
"V1.482","p160, New Cross Gate"
"V1.483","p160, Evelina Road"
"V1.484","p160, Selden Road"
"V1.485","p160, Drakefell Road"
"V1.486","p160, Pepys Road"
"V1.487","p160, Ommaney Road"
"V1.488","p161, Endwell Road"
"V1.489","p161, Millmark Grove"
"V1.490","p161, Brockley"
"V1.491","p161, Cranfield Road"
"V1.492","p161, St Donatts Road"
"V1.493","p161, Achilles Street"
"V1.494","p161, Glenville Grove"
"V1.495","p161, Deptford Church Street"
"V1.496","p162, Deptford Bridge"
"V1.497","p162, Greenwich Station"
"V1.498","p162, Greenwich Station"
"V1.499","p162, Greenwich High Road"
"V1.500","p162, Egerton Drive"
"V1.501","p162, Ashburnham Grove"
"V1.502","p162, Burney Street"
"V1.503","p162, Blackheath Hill"
"V1.504","p162, Blackheath Hill"
"V1.505","p162, Ravensbourne River"
"V1.506","p162, Dartmouth House"
"V1.507","p162, Morden Hill"
"V1.508","p162, Morden Hill"
"V1.509","p162, Lewisham Road"
"V1.510","p162, Granville Park"
"V1.511","p162, Granville Park"
"V1.512","p163, Crooms Hill"
"V1.513","p163, Greenwich Park"
"V1.514","p163, Greenwich Park"
"V1.515","p163, Greenwich Park"
"V1.516","p163, Blackheath"
"V1.517","p163, Blackheath"
"V1.518","p163, Blackheath"
"V1.519","p163, Blackheath"
"V1.520","p163, Blackheath"
"V1.521","p163, Blackheath"
"V1.522","p163, Blackheath"
"V1.523","p163, Lawn Terrace"
"V1.524","p163, Vanbrugh Park Road"
"V1.525","p164, Stratheden Road"
"V1.526","p164, Furzefield Road"
"V1.527","p164, Liskeard Gardens"
"V1.528","p164, Morden Road"
"V1.529","p164, Blackheath Park"
"V1.530","p164, Blackheath Park"
"V1.531","p164, Kidbrooke Park Road"
"V1.532","p165, Broad Walk"
"V1.533","p165, Charlton Dene"
"V1.534","p165, Stadium Road"
"V1.535","p166, Broad Walk"
"V1.554","p173, Wandsworth Park"
"V1.556","p173, Lebanon Road"
"V1.557","p174, Acris Street"
"V1.558","p174, Rosehill Road"
"V1.559","p174, Borrodaile Road"
"V1.560","p174, St Ann's Hill"
"V1.561","p174, St Ann's Hill"
"V1.562","p175, Jessica Road"
"V1.563","p175, Spencer Park"
"V1.564","p175, Plough Terrace"
"V1.565","p175, Battersea Rise"
"V1.566","p175, Mossbury Road"
"V1.567","p175, Elspeth Road"
"V1.568","p175, Wakehurst Road"
"V1.569","p175, Honeywell Road"
"V1.570","p176, Sisters Avenue"
"V1.571","p176, Devereux Road"
"V1.572","p176, Clapham Common"
"V1.573","p176, Clapham Common"
"V1.574","p176, Windmill Drive"
"V1.575","p177, Clapham Common"
"V1.576","p177, Lessar Avenue"
"V1.577","p177, Trouville Road"
"V1.578","p177, Gaskarth Road"
"V1.579","p177, Grafton Square"
"V1.580","p177, Sandmere Road"
"V1.581","p177, Kepler Road"
"V1.582","p177, Kildoran Road"
"V1.583","p177, Kings Avenue"
"V1.584","p178, Acre Lane"
"V1.585","p178, Baytree Road"
"V1.586","p178, Trelawn Road"
"V1.587","p178, Brixton Water Lane"
"V1.588","p178, Dumbarton Road"
"V1.589","p178, Beechdale Road"
"V1.590","p179, Effra Parade"
"V1.591","p179, Brockwell Park"
"V1.592","p179, Shakespeare Road"
"V1.593","p179, Sunset Road"
"V1.594","p179, Carver Road"
"V1.595","p179, Stradella Road"
"V1.596","p180, Dulwich Grove"
"V1.597","p180, Dulwich Grove"
"V1.598","p180, Dulwich Grove"
"V1.599","p180, Dulwich Grove"
"V1.600","p180, Dulwich Grove"
"V1.601","p180, Lordship Lane"
"V1.602","p181, Shawbury Road"
"V1.603","p181, Kinsale Road"
"V1.604","p181, Peckham Rye"
"V1.605","p181, Peckham Rye"
"V1.606","p181, Nunhead Grove"
"V1.607","p181, Crystal Palace Road"
"V1.608","p181, Hindmans Road"
"V1.609","p181, Henslowe Road"
"V1.610","p181, Underhill Road"
"V1.611","p181, Mundania Road"
"V1.612","p182, Rye Hill Park"
"V1.613","p182, Reynolds Road"
"V1.614","p182, Ivydale Road"
"V1.615","p182, Avignon Road"
"V1.616","p182, St Norbert Road"
"V1.617","p182, Nash Road"
"V1.618","p182, Iverton Road"
"V1.619","p182, Fernholme Road"
"V1.620","p182, Honor Oak"
"V1.621","p182, Crofton Park"
"V1.622","p182, Buckthorne Road"
"V1.623","p183, Arica Road"
"V1.624","p183, Braxfield Road"
"V1.625","p183, Whitbread Road"
"V1.626","p183, Whitbread Road"
"V1.627","p183, Dalrymple Road"
"V1.628","p183, Deptford Cemetery"
"V1.629","p183, Breakspears Road"
"V1.630","p183, Hilly Fields"
"V1.631","p183, Nuding Close"
"V1.632","p183, Ladywell"
"V1.633","p183, Otford Crescent"
"V1.634","p183, Crofton Park Road"
"V1.635","p183, Ewhurst Road"
"V1.636","p184, Algernon Road"
"V1.637","p184, Brookbank Road"
"V1.638","p184, Elmira Street"
"V1.639","p184, Lewis Grove"
"V1.640","p184, Veda Road"
"V1.641","p184, Ermine Road"
"V1.642","p184, Marsala Road"
"V1.643","p184, Ladywell"
"V1.644","p184, Ladywell"
"V1.645","p184, Lewisham Park"
"V1.646","p184, Thornford Road"
"V1.647","p184, George Lane"
"V1.648","p185, Blessington Road"
"V1.649","p185, Blessington Road"
"V1.650","p185, Mercator Road"
"V1.651","p185, Leahurst Road"
"V1.652","p185, Lenham Road"
"V1.653","p185, Meadowcourt Road"
"V1.654","p185, Springbank Road"
"V1.655","p185, Fernbrook Road"
"V1.656","p186, Manor Way"
"V1.657","p186, Kidbrooke"
"V1.658","p186, Kidbrooke"
"V1.659","p186, Quaggy River"
"V1.660","p186, Quaggy River"
"V1.661","p187, Kidbrooke"
"V1.662","p187, Birdbrook Road"
"V1.663","p187, Brenley Gardens"
"V1.664","p187, Whinyates Road"
"V1.665","p188, Eltham"
"V1.666","p188, Eltham Hill"
"V1.678","p193, Kimber Road"
"V1.679","p193, Bur Road"
"V1.680","p193, Burr Road"
"V1.681","p194, Duntshill Road"
"V1.682","p194, Penwith Road"
"V1.683","p194, Summerley Street"
"V1.684","p194, Franche Court Road"
"V1.685","p194, Wilna Road"
"V1.686","p194, Furmage Street"
"V1.687","p194, Openview"
"V1.688","p195, Openview"
"V1.689","p195, Brightman Road"
"V1.690","p195, Earlsfield"
"V1.691","p195, Lyford Road"
"V1.692","p195, Wandsworth Common"
"V1.693","p195, Nightingale Lane"
"V1.694","p195, Sarsfeld Road"
"V1.695","p195, Boundaries Road"
"V1.696","p196, Gobsberton Road"
"V1.697","p196, Boundaries Road"
"V1.698","p196, Mayford Road"
"V1.699","p196, Mayford Road"
"V1.700","p196, Blandfield Road"
"V1.701","p196, Rinaldo Road"
"V1.702","p196, Balham Station Road"
"V1.703","p196, Fernlea Road"
"V1.704","p196, Elmfield Road"
"V1.705","p196, Cloudesdale Road"
"V1.706","p196, Balham High Road"
"V1.707","p196, Streathbourne Road"
"V1.708","p196, Huron Road"
"V1.709","p197, Fontenoy Road"
"V1.710","p197, Emmanuel Road"
"V1.711","p197, Hoadly Road"
"V1.712","p197, Bellasis Avenue"
"V1.713","p197, Barrhill Road"
"V1.714","p197, Atkins Road"
"V1.715","p197, Atkins Avenue"
"V1.716","p197, Montrell Road"
"V1.717","p198, Holmewood Gardens"
"V1.718","p198, Streatham Hill"
"V1.719","p198, Barcombe Avenue"
"V1.720","p198, Downton Avenue"
"V1.721","p198, Daysbrook Road"
"V1.722","p198, Amesbury Avenue"
"V1.723","p198, Kingsmead Road"
"V1.724","p198, Lanercost Road"
"V1.725","p198, Tulse Hill"
"V1.726","p199, Brockwell Park"
"V1.727","p199, Guernsey Grove"
"V1.728","p199, Rosendale Road"
"V1.729","p199, Lovelace Road"
"V1.730","p199, Rosendale Road"
"V1.731","p199, Avenue Park Road"
"V1.732","p199, York Hill"
"V1.733","p199, Elmworth Grove"
"Point 734","p199, Croxted Road"
"V1.735","p200, Burbage Road"
"V1.736","p200, Gallery Road"
"V1.737","p200, Dulwich Park"
"V1.738","p200, Dulwich Park"
"V1.739","p200, College Road"
"V1.740","p200, Dulwich"
"V1.741","p200, Dulwich College"
"V1.742","p200, Park Hall Road"
"V1.743","p200, Park Hall Road"
"V1.744","p201, Lordship Lane"
"V1.745","p201, Lordship Lane"
"V1.746","p201, Lordship Lane"
"V1.747","p201, Dunstans Road"
"V1.748","p201, Camberwell Cemetery"
"V1.749","p201, Ringmore Rise"
"V1.750","p201, Horniman Drive"
"V1.751","p201, Wood Vale"
"V1.752","p201, Lapse Wood Walk"
"V1.753","p201, Dulwich Golf Course"
"V1.754","p201, Dulwich Golf Course"
"V1.755","p201, Thorpewood Avenue"
"V1.756","p201, Thorpewood Avenue"
"V1.757","p201, Taymount Rise"
"V1.758","p202, Boveney Road"
"V1.759","p202, Honor Oak Road"
"V1.760","p202, Ewelme Road"
"V1.761","p202, Garthorne Road"
"V1.762","p202, Brockley Rise"
"V1.763","p202, Stanstead Road"
"V1.764","p202, Forest Hill Station"
"V1.765","p202, Clyde Terrace"
"V1.766","p202, Westbourne Drive"
"V1.767","p202, Perry Vale"
"V1.768","p202, Como Road"
"V1.769","p203, Stillness Road"
"V1.770","p203, Fermor Road"
"V1.771","p203, Hurstbourne Road"
"V1.772","p203, Exbury Road"
"V1.773","p203, Riverview Park"
"V1.774","p204, Elmer Road"
"V1.775","p204, Shorndean Street"
"V1.776","p204, Bargery Road"
"V1.777","p204, Inchmery Road"
"V1.778","p204, Aitken Road"
"V1.779","p205, Arngask Road"
"V1.780","p205, Ardoch Road"
"V1.781","p205, Hazelbank Road"
"V1.782","p205, Broadfield Road"
"V1.783","p205, Further Green Road"
"V1.784","p205, Springbank Road"
"V1.785","p205, Ronver Road"
"V1.786","p205, Newstead Road"
"V1.787","p205, Linchmere Road"
"V1.788","p206, Linchmere Road"
"V1.789","p206, Harland Road"
"V1.790","p206, Winn Road"
"V1.791","p207, Horsa Road"
"V1.792","p207, Churchbury Road"
"V1.793","p207, Gregory Crescent"
"V1.794","p207, Sidcup Road"
"V1.795","p207, Court Road"
"V1.796","p208, North Park"
"V1.797","p208, Court Road"
"V1.798","p208, Court Road"
"V1.807","p213, Streatham Cemetery"
"V1.808","p213, Hebdon Road"
"V1.836","p218, Sydenham Hill Station"
"V1.837","p218, Wood Hall "
"V1.841","p219, Oaksford Avenue"
"V1.843","p220, Sydenham Park"
"V1.844","p219, Dacres Road"
"V1.845","p220, Dacres Road"
"V1.846","p220, Wynell Road"
"V1.847","p220, Perry Rise"
"V1.853","p221, Adamsrill Road"
"V1.855","p221, Firhill Road"
"V1.856","p221, Playgreen Way"
"V1.865","p223, Whitefoot Lane"
"V1.869","p224, Ivorydown"
"V1.870","p224, Grove Park"
"V1.871","p224, Somertrees Avenue"
