"Name","Description","ref","position","fatalities","date","time","postcode","borough","area","notes"
"V1.1 ","p42, Highgate Cemetery",NA,NA,NA,NA,NA,NA,NA,NA,NA
"V1.2","p45, Hermitage Road",NA,NA,NA,NA,NA,NA,NA,NA,NA
"V1.3","p46, River Way",NA,NA,NA,NA,NA,NA,NA,NA,NA
"V1.4","p46, Newnton Close",NA,NA,NA,NA,NA,NA,NA,NA,NA
"V1.5","p46, Bethune Road",NA,NA,NA,NA,NA,NA,NA,NA,NA
"V1.6","p47, Darenth Road",NA,NA,NA,NA,NA,NA,NA,NA,NA
"V1.7","p47, Castlewood Road",NA,NA,NA,NA,NA,NA,NA,NA,NA
"V1.8","p48, Walthamstow Marshes",NA,NA,NA,NA,NA,NA,NA,NA,NA
"V1.9","p49, Finchley Road",NA,NA,NA,NA,NA,NA,NA,NA,NA
"V1.10","p49, Ardwick Road",NA,NA,NA,NA,NA,NA,NA,NA,NA
"V1.11","p50, Fortune Green Road",NA,NA,NA,NA,NA,NA,NA,NA,NA
"V1.12","p51, Hampstead Heath",NA,NA,NA,NA,NA,NA,NA,NA,NA
"V1.13","p52, Hampstead Heath",NA,NA,NA,NA,NA,NA,NA,NA,NA
"V1.14","p52, Hampstead Heath",NA,NA,NA,NA,NA,NA,NA,NA,NA
"V1.15","p52, Hampstead Heath",NA,NA,NA,NA,NA,NA,NA,NA,NA
"V1.16","p53, Dartmouth Park Avenue",NA,NA,NA,NA,NA,NA,NA,NA,NA
"V1.17","p53, Foxham Road",NA,NA,NA,NA,NA,NA,NA,NA,NA
"V1.18","p53, Carleton Road",NA,NA,NA,NA,NA,NA,NA,NA,NA
"V1.19","p54, Bowman's Place",NA,NA,NA,NA,NA,NA,NA,NA,NA
"V1.20","p54, Holloway Road",NA,NA,NA,NA,NA,NA,NA,NA,NA
"V1.21","p56, Carysfort Road",NA,NA,NA,NA,NA,NA,NA,NA,NA
"V1.22","p56, Londesborough Road",NA,NA,NA,NA,NA,NA,NA,NA,NA
"V1.23","p56, Defoe Road",NA,NA,NA,NA,NA,NA,NA,NA,NA
"V1.24","p56, Petherton Road",NA,NA,NA,NA,NA,NA,NA,NA,NA
"V1.25","p57, Rossendale Street",NA,NA,NA,NA,NA,NA,NA,NA,NA
"V1.26","p57, Narford Road",NA,NA,NA,NA,NA,NA,NA,NA,NA
"V1.27","p57, Rendlesham Road",NA,NA,NA,NA,NA,NA,NA,NA,NA
"V1.28","p57, Benthal Road",NA,NA,NA,NA,NA,NA,NA,NA,NA
"V1.29","p57, Farleigh Road",NA,NA,NA,NA,NA,NA,NA,NA,NA
"V1.30","p57, Bodney Road",NA,NA,NA,NA,NA,NA,NA,NA,NA
"V1.31","p58, Mount Pleasant Lane",NA,NA,NA,NA,NA,NA,NA,NA,NA
"V1.32","p58, Cleveleys Road",NA,NA,NA,NA,NA,NA,NA,NA,NA
"V1.33","p58, Prout Road",NA,NA,NA,NA,NA,NA,NA,NA,NA
"V1.34","p58, Millfields Road",NA,NA,NA,NA,NA,NA,NA,NA,NA
"V1.35","p58, Elderfield Road",NA,NA,NA,NA,NA,NA,NA,NA,NA
"V1.36","p58, Glyn Road",NA,NA,NA,NA,NA,NA,NA,NA,NA
"V1.37","p59, Meeson Street",NA,NA,NA,NA,NA,NA,NA,NA,NA
"V1.38","p59, Hackney Marshes",NA,NA,NA,NA,NA,NA,NA,NA,NA
"V1.39","p59, Hackney Marshes",NA,NA,NA,NA,NA,NA,NA,NA,NA
"V1.40","p59, Hackney Marshes",NA,NA,NA,NA,NA,NA,NA,NA,NA
"V1.41","p60, Temple Mills Lane",NA,NA,NA,NA,NA,NA,NA,NA,NA
"V1.42","p61, Shoot-Up Hill",NA,NA,NA,NA,NA,NA,NA,NA,NA
"V1.43","p62, Broadhurst Gardens",NA,NA,NA,NA,NA,NA,NA,NA,NA
"V1.44","p62, Compayne Gardens",NA,NA,NA,NA,NA,NA,NA,NA,NA
"V1.45","p62, Acol Road",NA,NA,NA,NA,NA,NA,NA,NA,NA
"V1.46","p62, Mortimer Crescent",NA,NA,NA,NA,NA,NA,NA,NA,NA
"V1.47","p64, King Henry's Road",NA,NA,NA,NA,NA,NA,NA,NA,NA
"V1.48","p64, Warden Road",NA,NA,NA,NA,NA,NA,NA,NA,NA
"V1.49","p65, Hawley Road",NA,NA,NA,NA,NA,NA,NA,NA,NA
"V1.50","p65, Clarence Way",NA,NA,NA,NA,NA,NA,NA,NA,NA
"V1.51","p65, St. Pancras Way",NA,NA,NA,NA,NA,NA,NA,NA,NA
"V1.52","p65, Rochester Place",NA,NA,NA,NA,NA,NA,NA,NA,NA
"V1.53","p67, Highbury and Islington",NA,NA,NA,NA,NA,NA,NA,NA,NA
"V1.54","p67, Highbury Grove",NA,NA,NA,NA,NA,NA,NA,NA,NA
"V1.55","p67, Cross Street",NA,NA,NA,NA,NA,NA,NA,NA,NA
"V1.56","p67, Queensbury Street",NA,NA,NA,NA,NA,NA,NA,NA,NA
"V1.57","p67, Coleman Fields",NA,NA,NA,NA,NA,NA,NA,NA,NA
"V1.58","p68, Mildmay Street",NA,NA,NA,NA,NA,NA,NA,NA,NA
"V1.59","p68, Elizabeth Avenue",NA,NA,NA,NA,NA,NA,NA,NA,NA
"V1.60","p69, Marcon Place",NA,NA,NA,NA,NA,NA,NA,NA,NA
"V1.61","p69, London Fields",NA,NA,NA,NA,NA,NA,NA,NA,NA
"V1.62","p69, Haggerston Road",NA,NA,NA,NA,NA,NA,NA,NA,NA
"V1.63","p69, Westgate Street",NA,NA,NA,NA,NA,NA,NA,NA,NA
"V1.64","p70, St. Barnabas Terrace",NA,NA,NA,NA,NA,NA,NA,NA,NA
"V1.65","p71, Mabey Green",NA,NA,NA,NA,NA,NA,NA,NA,NA
"V1.66","p71, River Lee Navigation",NA,NA,NA,NA,NA,NA,NA,NA,NA
"V1.67","p71, Wick Road",NA,NA,NA,NA,NA,NA,NA,NA,NA
"V1.68","p71, Benn Street",NA,NA,NA,NA,NA,NA,NA,NA,NA
"V1.69","p71, Brookfield Road",NA,NA,NA,NA,NA,NA,NA,NA,NA
"V1.70","p71, Victoria Park",NA,NA,NA,NA,NA,NA,NA,NA,NA
"V1.71","p72, River Lea",NA,NA,NA,NA,NA,NA,NA,NA,NA
"V1.72","p72, River Lea",NA,NA,NA,NA,NA,NA,NA,NA,NA
"V1.73","p72, River Lea",NA,NA,NA,NA,NA,NA,NA,NA,NA
"V1.74","p76, Ashworth Road",NA,NA,NA,NA,NA,NA,NA,NA,NA
"V1.75","p77, Circus Road",NA,NA,NA,NA,NA,NA,NA,NA,NA
"V1.76","p77,St. John's Wood Road",NA,NA,NA,NA,NA,NA,NA,NA,NA
"V1.77","p77, Marylebone Station approach (railway)",NA,NA,NA,NA,NA,NA,NA,NA,NA
"V1.78","p77, Regent's Park",NA,NA,NA,NA,NA,NA,NA,NA,NA
"V1.79","p77, Regent's Park",NA,NA,NA,NA,NA,NA,NA,NA,NA
"V1.80","p77, Regent's Park",NA,NA,NA,NA,NA,NA,NA,NA,NA
"V1.81","p77, Regent's Park",NA,NA,NA,NA,NA,NA,NA,NA,NA
"V1.82","p77, Wells Rise",NA,NA,NA,NA,NA,NA,NA,NA,NA
"V1.83","p78, Regent's Park",NA,NA,NA,NA,NA,NA,NA,NA,NA
"V1.84","p78, Regent's Park",NA,NA,NA,NA,NA,NA,NA,NA,NA
"V1.85","p78, Regent's Park",NA,NA,NA,NA,NA,NA,NA,NA,NA
"V1.86","p78, Regent's Park",NA,NA,NA,NA,NA,NA,NA,NA,NA
"V1.87","p78, Regent's Park",NA,NA,NA,NA,NA,NA,NA,NA,NA
"V1.88","p78, Regent's Park",NA,NA,NA,NA,NA,NA,NA,NA,NA
"V1.89","p78, Regent's Park",NA,NA,NA,NA,NA,NA,NA,NA,NA
"V1.90","p78, Regent's Park",NA,NA,NA,NA,NA,NA,NA,NA,NA
"V1.91","p79, Stanhope Street",NA,NA,NA,NA,NA,NA,NA,NA,NA
"V1.92","p79, Charrington Street",NA,NA,NA,NA,NA,NA,NA,NA,NA
"V1.93","p79, Pancras Road",NA,NA,NA,NA,NA,NA,NA,NA,NA
"V1.94","p79, Ossulston Street",NA,NA,NA,NA,NA,NA,NA,NA,NA
"V1.95","p80, Tiber Gardens",NA,NA,NA,NA,NA,NA,NA,NA,NA
"V1.96","p80, Copenhagen Street",NA,NA,NA,NA,NA,NA,NA,NA,NA
"V1.97","p80, Muriel Street",NA,NA,NA,NA,NA,NA,NA,NA,NA
"V1.98","p80, Pentonville Road",NA,NA,NA,NA,NA,NA,NA,NA,NA
"V1.99","p80, Gray's Inn Road",NA,NA,NA,NA,NA,NA,NA,NA,NA
"V1.100","p81, Myddelton Street",NA,NA,NA,NA,NA,NA,NA,NA,NA
"V1.101","p81, Spencer Street",NA,NA,NA,NA,NA,NA,NA,NA,NA
"V1.102","p81, Roscoe Street",NA,NA,NA,NA,NA,NA,NA,NA,NA
"V1.103","p82, Rushton Street",NA,NA,NA,NA,NA,NA,NA,NA,NA
"V1.104","p82, Murray Grove",NA,NA,NA,NA,NA,NA,NA,NA,NA
"V1.105","p82, Caroline Gardens",NA,NA,NA,NA,NA,NA,NA,NA,NA
"V1.106","p82, Cranwood Street",NA,NA,NA,NA,NA,NA,NA,NA,NA
"V1.107","p82, Holywell Lane",NA,NA,NA,NA,NA,NA,NA,NA,NA
"V1.108","p82, Boundary Street",NA,NA,NA,NA,NA,NA,NA,NA,NA
"V1.109","p83, Whiston Road",NA,NA,NA,NA,NA,NA,NA,NA,NA
"V1.110","p83, Kay Street",NA,NA,NA,NA,NA,NA,NA,NA,NA
"V1.111","p83, Treadway Street",NA,NA,NA,NA,NA,NA,NA,NA,NA
"V1.112","p84, Old Ford Road",NA,NA,NA,NA,NA,NA,NA,NA,NA
"V1.113","p84, Three Colts Lane",NA,NA,NA,NA,NA,NA,NA,NA,NA
"V1.114","p84, Bancroft Road",NA,NA,NA,NA,NA,NA,NA,NA,NA
"V1.115","p84, Bradwell Street",NA,NA,NA,NA,NA,NA,NA,NA,NA
"V1.116","p84, St James's Avenue",NA,NA,NA,NA,NA,NA,NA,NA,NA
"V1.117","p84, Bethnal Green",NA,NA,NA,NA,NA,NA,NA,NA,NA
"V1.118","p84, Bancroft Road",NA,NA,NA,NA,NA,NA,NA,NA,NA
"V1.119","p84, Bethnal Green",NA,NA,NA,NA,NA,NA,NA,NA,NA
"V1.120","p84, Bethnal Green",NA,NA,NA,NA,NA,NA,NA,NA,NA
"V1.121","p85, Bethnal Green",NA,NA,NA,NA,NA,NA,NA,NA,NA
"V1.122","p85, Bethnal Green",NA,NA,NA,NA,NA,NA,NA,NA,NA
"V1.123","p85, Grove Road",NA,NA,NA,NA,NA,NA,NA,NA,NA
"V1.124","p85, Grove Road, First V1 to hit London on 13th June 1944",NA,NA,NA,NA,NA,NA,NA,NA,NA
"V1.125","p85, Harley Grove",NA,NA,NA,NA,NA,NA,NA,NA,NA
"V1.126","p85, Brokesley Street",NA,NA,NA,NA,NA,NA,NA,NA,NA
"V1.127","p86, Fairfield Road",NA,NA,NA,NA,NA,NA,NA,NA,NA
"V1.128","p86, Bow Road",NA,NA,NA,NA,NA,NA,NA,NA,NA
"V1.129","p86, Swaton Road",NA,NA,NA,NA,NA,NA,NA,NA,NA
"V1.130","p86, Three Mill Lane",NA,NA,NA,NA,NA,NA,NA,NA,NA
"V1.131","p87, Wormwood Scrubs",NA,NA,NA,NA,NA,NA,NA,NA,NA
"V1.132","p87, Wormwood Scrubs",NA,NA,NA,NA,NA,NA,NA,NA,NA
"V1.133","p87, Australia Road",NA,NA,NA,NA,NA,NA,NA,NA,NA
"V1.134","p87, Aldbourne Road",NA,NA,NA,NA,NA,NA,NA,NA,NA
"V1.135","p87, Norbroke Street",NA,NA,NA,NA,NA,NA,NA,NA,NA
"V1.136","p88, St. Quintin Avenue",NA,NA,NA,NA,NA,NA,NA,NA,NA
"V1.137","p89, Walmer Road",NA,NA,NA,NA,NA,NA,NA,NA,NA
"V1.138","p89, Clydesdale Road",NA,NA,NA,NA,NA,NA,NA,NA,NA
"V1.139","p90, Chichester Road",NA,NA,NA,NA,NA,NA,NA,NA,NA
"V1.140","p90, Leinster Gardens",NA,NA,NA,NA,NA,NA,NA,NA,NA
"V1.141","p90, Bayswater Road",NA,NA,NA,NA,NA,NA,NA,NA,NA
"V1.142","p91, Hyde Park Place",NA,NA,NA,NA,NA,NA,NA,NA,NA
"V1.143","p93, Howland Street",NA,NA,NA,NA,NA,NA,NA,NA,NA
"V1.144","p93, Whitfield Street",NA,NA,NA,NA,NA,NA,NA,NA,NA
"V1.145","p93, Conduit Street",NA,NA,NA,NA,NA,NA,NA,NA,NA
"V1.146","p93, Berkeley Street",NA,NA,NA,NA,NA,NA,NA,NA,NA
"V1.147","p93, Sherwood Street",NA,NA,NA,NA,NA,NA,NA,NA,NA
"V1.148","p94, Russell Square",NA,NA,NA,NA,NA,NA,NA,NA,NA
"V1.149","p94, Shelton Street",NA,NA,NA,NA,NA,NA,NA,NA,NA
"V1.150","p94, Aldwych",NA,NA,NA,NA,NA,NA,NA,NA,NA
"V1.151","p94, Wild Street",NA,NA,NA,NA,NA,NA,NA,NA,NA
"V1.152","p94, Carey Street",NA,NA,NA,NA,NA,NA,NA,NA,NA
"V1.153","p94, The Strand",NA,NA,NA,NA,NA,NA,NA,NA,NA
"V1.154","p94, Temple Place",NA,NA,NA,NA,NA,NA,NA,NA,NA
"V1.155","p94, Waterloo (The Thames)",NA,NA,NA,NA,NA,NA,NA,NA,NA
"V1.156","p94, Cursitor Street",NA,NA,NA,NA,NA,NA,NA,NA,NA
"V1.157","p94, Staple Inn",NA,NA,NA,NA,NA,NA,NA,NA,NA
"V1.158","p95, Bream's Buildings",NA,NA,NA,NA,NA,NA,NA,NA,NA
"V1.159","p95, Saffron Street",NA,NA,NA,NA,NA,NA,NA,NA,NA
"V1.160","p95, Stonecutter Street",NA,NA,NA,NA,NA,NA,NA,NA,NA
"V1.161","p95, Little Britain",NA,NA,NA,NA,NA,NA,NA,NA,NA
"V1.162","p95, Blackfriars (The Thames)",NA,NA,NA,NA,NA,NA,NA,NA,NA
"V1.163","p95, Long Lane",NA,NA,NA,NA,NA,NA,NA,NA,NA
"V1.164","p95, Barbican",NA,NA,NA,NA,NA,NA,NA,NA,NA
"V1.165","p95, Queen Street Place",NA,NA,NA,NA,NA,NA,NA,NA,NA
"V1.166","p95, Upper Thames Street",NA,NA,NA,NA,NA,NA,NA,NA,NA
"V1.167","p95, Cannon Street",NA,NA,NA,NA,NA,NA,NA,NA,NA
"V1.168","p96, Bank of England",NA,NA,NA,NA,NA,NA,NA,NA,NA
"V1.169","p96, Old Broad Street",NA,NA,NA,NA,NA,NA,NA,NA,NA
"V1.170","p96, Lower Thames Street",NA,NA,NA,NA,NA,NA,NA,NA,NA
"V1.171","p96, Lower Thames Street",NA,NA,NA,NA,NA,NA,NA,NA,NA
"V1.172","p97, Buxton Street",NA,NA,NA,NA,NA,NA,NA,NA,NA
"V1.173","p97, Stepney Way",NA,NA,NA,NA,NA,NA,NA,NA,NA
"V1.174","p97, Adler Street",NA,NA,NA,NA,NA,NA,NA,NA,NA
"V1.175","p97, Hooper Street",NA,NA,NA,NA,NA,NA,NA,NA,NA
"V1.176","p97, East Smithfield",NA,NA,NA,NA,NA,NA,NA,NA,NA
"V1.177","p97, Pennington Street",NA,NA,NA,NA,NA,NA,NA,NA,NA
"V1.178","p97, The Highway",NA,NA,NA,NA,NA,NA,NA,NA,NA
"V1.179","p98, Sidney Street",NA,NA,NA,NA,NA,NA,NA,NA,NA
"V1.180","p98, Redmans Road",NA,NA,NA,NA,NA,NA,NA,NA,NA
"V1.181","p98, White Horse Lane",NA,NA,NA,NA,NA,NA,NA,NA,NA
"V1.182","p98,",NA,NA,NA,NA,NA,NA,NA,NA,NA
"V1.183","p98, East Arbour Street",NA,NA,NA,NA,NA,NA,NA,NA,NA
"V1.184","p98,",NA,NA,NA,NA,NA,NA,NA,NA,NA
"V1.185","p98, ",NA,NA,NA,NA,NA,NA,NA,NA,NA
"V1.186","p98, The Highway",NA,NA,NA,NA,NA,NA,NA,NA,NA
"V1.187","p98, Butcher Row",NA,NA,NA,NA,NA,NA,NA,NA,NA
"V1.188","p99, ",NA,NA,NA,NA,NA,NA,NA,NA,NA
"V1.189","p99, Salmon Lane",NA,NA,NA,NA,NA,NA,NA,NA,NA
"V1.190","p99, Dora Street",NA,NA,NA,NA,NA,NA,NA,NA,NA
"V1.191","p99, Thomas Road",NA,NA,NA,NA,NA,NA,NA,NA,NA
"V1.192","p99, Bow Common Lane",NA,NA,NA,NA,NA,NA,NA,NA,NA
"V1.193","p99, ",NA,NA,NA,NA,NA,NA,NA,NA,NA
"V1.194","p99,",NA,NA,NA,NA,NA,NA,NA,NA,NA
"V1.195","p100, Barchester Street",NA,NA,NA,NA,NA,NA,NA,NA,NA
"V1.196","p100, Poplar High Street",NA,NA,NA,NA,NA,NA,NA,NA,NA
"V1.197","p100, Mountague Place",NA,NA,NA,NA,NA,NA,NA,NA,NA
"V1.198","p100, East India Dock",NA,NA,NA,NA,NA,NA,NA,NA,NA
"V1.199","p100, East India Dock Road",NA,NA,NA,NA,NA,NA,NA,NA,NA
"V1.200","p100, Jeremiah Street",NA,NA,NA,NA,NA,NA,NA,NA,NA
"V1.201","p101, River Lea",NA,NA,NA,NA,NA,NA,NA,NA,NA
"V1.202","p101, Blair Street",NA,NA,NA,NA,NA,NA,NA,NA,NA
"V1.203","p105, Flora Gardens",NA,NA,NA,NA,NA,NA,NA,NA,NA
"V2.204","p105, Cambridge Grove",NA,NA,NA,NA,NA,NA,NA,NA,NA
"V1.205","p108, Gloucester Walk","p108, Gloucester Walk",NA,NA,NA,NA,NA,NA,NA,NA
"V1.206","p108, Kensington Church Street","p108, Kensington Church Street",NA,NA,NA,NA,NA,NA,NA,NA
"V1.207","p108, Hornton Street","p108, Hornton Street",NA,NA,NA,NA,NA,NA,NA,NA
"V1.208","p108, De Vere Gardens","p108, De Vere Gardens",NA,NA,NA,NA,NA,NA,NA,NA
"V1.209","p108, Marloes Road","p108, Marloes Road",NA,NA,NA,NA,NA,NA,NA,NA
"V1.210","p109, Hyde Park","p109, Hyde Park",NA,NA,NA,NA,NA,NA,NA,NA
"V1.211","p109, Lancelot Place","p109, Lancelot Place",NA,NA,NA,NA,NA,NA,NA,NA
"V1.212","p109, Exhibition Road","p109, Exhibition Road",NA,NA,NA,NA,NA,NA,NA,NA
"V1.213","p109, Queen's Gate","p109, Queen's Gate",NA,NA,NA,NA,NA,NA,NA,NA
"V1.214","p109, Stanhope Mews East","p109, Stanhope Mews East",NA,NA,NA,NA,NA,NA,NA,NA
"V1.215","p109, Cromwell Road","p109, Cromwell Road",NA,NA,NA,NA,NA,NA,NA,NA
"V1.216","p109, Harrington Road","p109, Harrington Road",NA,NA,NA,NA,NA,NA,NA,NA
"V1.217","p110, Hyde Park",NA,NA,NA,NA,NA,NA,NA,NA,NA
"V1.218","p110, Constitution Hill","p110, Constitution Hill",NA,NA,NA,NA,NA,NA,NA,NA
"V1.219","p110, Buckingham Palace Gardens","p110, Buckingham Palace Gardens",NA,NA,NA,NA,NA,NA,NA,NA
"V1.220","p111, Birdcage Walk. Putative: Landed on Guards Chapel, see Jones 'Most Secret War' p.424","p111, Birdcage Walk. Putative: Landed on Guards Chapel, see Jones 'Most Secret War' p.424",NA,NA,NA,NA,NA,NA,NA,NA
"V1.221","p111, Buckingham Gate","p111, Buckingham Gate",NA,NA,NA,NA,NA,NA,NA,NA
"V1.222","p111, Victoria Station","p111, Victoria Station",NA,NA,NA,NA,NA,NA,NA,NA
"V1.223","p111, Rutherford Street","p111, Rutherford Street",NA,NA,NA,NA,NA,NA,NA,NA
"V1.224","p111, Medway Street","p111, Medway Street",NA,NA,NA,NA,NA,NA,NA,NA
"V1.225","p111, Tufton Street","p111, Tufton Street",NA,NA,NA,NA,NA,NA,NA,NA
"V1.226","p112, Embankment (The Thames)",NA,NA,NA,NA,NA,NA,NA,NA,NA
"V1.227","p112, Embankment (The Thames)",NA,NA,NA,NA,NA,NA,NA,NA,NA
"V1.228","p112, Doon Street",NA,NA,NA,NA,NA,NA,NA,NA,NA
"V1.229","p112, York Road","p112, York Road",NA,NA,NA,NA,NA,NA,NA,NA
"V1.230","p112, St. Thomas's Hospital","p112, St. Thomas's Hospital",NA,NA,NA,NA,NA,NA,NA,NA
"V1.231","p112, Archibishop's Park","p112, Archibishop's Park",NA,NA,NA,NA,NA,NA,NA,NA
"V1.232","p112, Lambeth Road","p112, Lambeth Road",NA,NA,NA,NA,NA,NA,NA,NA
"V1.233","p112, Lambeth Walk","p112, Lambeth Walk",NA,NA,NA,NA,NA,NA,NA,NA
"V1.234","p113, Union Street",NA,NA,NA,NA,NA,NA,NA,NA,NA
"V1.235","p113, Great Guildford Street",NA,NA,NA,NA,NA,NA,NA,NA,NA
"V1.236","p113, Swan Street","p113, Swan Street",NA,NA,NA,NA,NA,NA,NA,NA
"V1.237","p113, Harper Road","p113, Harper Road",NA,NA,NA,NA,NA,NA,NA,NA
"V1.238","p113, Bath Terrace","p113, Bath Terrace",NA,NA,NA,NA,NA,NA,NA,NA
"V1.239","p114, London Bridge (The Thames)",NA,NA,NA,NA,NA,NA,NA,NA,NA
"V1.240","p114, Tower Bridge (The Thames)",NA,NA,NA,NA,NA,NA,NA,NA,NA
"V1.241","p114, Tower Bridge (The Thames)",NA,NA,NA,NA,NA,NA,NA,NA,NA
"V1.242","p114, Snowsfields","p114, Snowsfields",NA,NA,NA,NA,NA,NA,NA,NA
"V1.243","p114, White's Grounds","p114, White's Grounds",NA,NA,NA,NA,NA,NA,NA,NA
"V1.244","p114, Druid Street","p114, Druid Street",NA,NA,NA,NA,NA,NA,NA,NA
"V1.245","p114, Riley Road","p114, Riley Road",NA,NA,NA,NA,NA,NA,NA,NA
"V1.246","p115, Tower Bridge (The Thames)",NA,NA,NA,NA,NA,NA,NA,NA,NA
"V1.247","p115, Queen Elizabeth Street","p115, Queen Elizabeth Street",NA,NA,NA,NA,NA,NA,NA,NA
"V1.248","p115, Lafone Street","p115, Lafone Street",NA,NA,NA,NA,NA,NA,NA,NA
"V1.249","p115, Queen Elizabeth Street","p115, Queen Elizabeth Street",NA,NA,NA,NA,NA,NA,NA,NA
"V1.250","p115, Bermondsey Wall East","p115, Bermondsey Wall East",NA,NA,NA,NA,NA,NA,NA,NA
"V1.251","p115, St. James's Road","p115, St. James's Road",NA,NA,NA,NA,NA,NA,NA,NA
"V1.252","p115, Wapping High Street",NA,NA,NA,NA,NA,NA,NA,NA,NA
"V1.253","p116, Wapping (The Thames)",NA,NA,NA,NA,NA,NA,NA,NA,NA
"V1.254","p116, Rotherhithe (The Thames)","p116, Rotherhithe (The Thames)",NA,NA,NA,NA,NA,NA,NA,NA
"V1.255","p116, Rotherhithe Tunnel (The Thames)",NA,NA,NA,NA,NA,NA,NA,NA,NA
"V1.256","p116, Rotherhithe","p116, Rotherhithe",NA,NA,NA,NA,NA,NA,NA,NA
"V1.257","p116, Neptune Street","p116, Neptune Street",NA,NA,NA,NA,NA,NA,NA,NA
"V1.258","p116, Neptune Street","p116, Neptune Street",NA,NA,NA,NA,NA,NA,NA,NA
"V1.259","p116, Moodkee Street","p116, Moodkee Street",NA,NA,NA,NA,NA,NA,NA,NA
"V1.260","p116, Gomm Road","p116, Gomm Road",NA,NA,NA,NA,NA,NA,NA,NA
"V1.261","p116, Surrey Quays","p116, Surrey Quays",NA,NA,NA,NA,NA,NA,NA,NA
"V1.262","p116, Greenland Dock","p116, Greenland Dock",NA,NA,NA,NA,NA,NA,NA,NA
"V1.263","p117, Greenland Dock","p117, Greenland Dock",NA,NA,NA,NA,NA,NA,NA,NA
"V1.264","p117, Surrey Quays","p117, Surrey Quays",NA,NA,NA,NA,NA,NA,NA,NA
"V1.265","p117, Rotherhithe (The Thames)",NA,NA,NA,NA,NA,NA,NA,NA,NA
"V1.266","p117, Rotherhithe Street",NA,NA,NA,NA,NA,NA,NA,NA,NA
"V1.267","p117, Rotherhithe Street","p117, Rotherhithe Street",NA,NA,NA,NA,NA,NA,NA,NA
"V1.268","p117, Rotherhithe ","p117, Rotherhithe",NA,NA,NA,NA,NA,NA,NA,NA
"V1.269","p117, Rotherhithe","p117, Rotherhithe",NA,NA,NA,NA,NA,NA,NA,NA
"V1.270","p117, Canary Wharf",NA,NA,NA,NA,NA,NA,NA,NA,NA
"V1.271","p117, Canary Wharf",NA,NA,NA,NA,NA,NA,NA,NA,NA
"V1.272","p117, Canary Wharf (The Thames)","p117, Canary Wharf (The Thames)",NA,NA,NA,NA,NA,NA,NA,NA
"V1.273","p117, Millwall Outer Dock (The Thames)","p117, Millwall Outer Dock (The Thames)",NA,NA,NA,NA,NA,NA,NA,NA
"V1.274","p117, Millwall Outer Dock (The Thames)","p117, Millwall Outer Dock (The Thames)",NA,NA,NA,NA,NA,NA,NA,NA
"V1.275","p118, East Ferry Road","p118, East Ferry Road",NA,NA,NA,NA,NA,NA,NA,NA
"V1.276","p118, Galbraith Street","p118, Galbraith Street",NA,NA,NA,NA,NA,NA,NA,NA
"V1.277","p118, Blackwall Basin",NA,NA,NA,NA,NA,NA,NA,NA,NA
"V1.278","p119, Blackwall Tunnel (The Thames)",NA,NA,NA,NA,NA,NA,NA,NA,NA
"V1.279","p119, Blackwall",NA,NA,NA,NA,NA,NA,NA,NA,NA
"V1.280","p119, North Greenwich",NA,NA,NA,NA,NA,NA,NA,NA,NA
"V1.281","p119, Isle of Dogs","p119, Isle of Dogs",NA,NA,NA,NA,NA,NA,NA,NA
"V1.282","p119, Isle of Dogs (The Thames)","p119, Isle of Dogs (The Thames)",NA,NA,NA,NA,NA,NA,NA,NA
"V1.283","p119, North Greenwich","p119, North Greenwich",NA,NA,NA,NA,NA,NA,NA,NA
"V1.284","p121, New Charlton (The Thames)","p121, New Charlton (The Thames)",NA,NA,NA,NA,NA,NA,NA,NA
"V1.285","p121, Siemens Road","p121, Siemens Road",NA,NA,NA,NA,NA,NA,NA,NA
"V1.286","p121, Woolwich (The Thames)","p121, Woolwich (The Thames)",NA,NA,NA,NA,NA,NA,NA,NA
"V1.287","p121, Woolwich (The Thames)","p121, Woolwich (The Thames)",NA,NA,NA,NA,NA,NA,NA,NA
"V1.288","p122, Store Road",NA,NA,NA,NA,NA,NA,NA,NA,NA
"V1.289","p122, Woolwich Dockyard (The Thames)","p122, Woolwich Dockyard (The Thames)",NA,NA,NA,NA,NA,NA,NA,NA
"V1.290","p122, Woolwich Dockyard (The Thames)","p122, Woolwich Dockyard (The Thames)",NA,NA,NA,NA,NA,NA,NA,NA
"V1.291","p122, Woolwich Dockyard (The Thames)","p122, Woolwich Dockyard (The Thames)",NA,NA,NA,NA,NA,NA,NA,NA
"V1.292","p123, Woolwich (The Thames)",NA,NA,NA,NA,NA,NA,NA,NA,NA
"V1.293","p127, Nigel Playfair's Avenue",NA,NA,NA,NA,NA,NA,NA,NA,NA
"V1.294","p127, Hammersmith",NA,NA,NA,NA,NA,NA,NA,NA,NA
"V1.295","p128, Hammersmith","p143, Anchor and Hope Lane",NA,NA,NA,NA,NA,NA,NA,NA
"V1.296","p129, Edith Road",NA,NA,NA,NA,NA,NA,NA,NA,NA
"V1.297","p129, Beaumont Crescent",NA,NA,NA,NA,NA,NA,NA,NA,NA
"V1.298","p129, Philbeach Gardens","p129, Philbeach Gardens",NA,NA,NA,NA,NA,NA,NA,NA
"V1.299","p129, Nevern Square","p129, Nevern Square",NA,NA,NA,NA,NA,NA,NA,NA
"V1.300","p129, Disbrowe Road",NA,NA,NA,NA,NA,NA,NA,NA,NA
"V1.301","p129, Normand Road",NA,NA,NA,NA,NA,NA,NA,NA,NA
"V1.302","p129, Racton Road","p129, Racton Road",NA,NA,NA,NA,NA,NA,NA,NA
"V1.303","p129, St. Olaf's Road",NA,NA,NA,NA,NA,NA,NA,NA,NA
"V1.304","p129, Effie Road","p129, Effie Road",NA,NA,NA,NA,NA,NA,NA,NA
"V1.305","p130, Brompton Cemetery","p130, Brompton Cemetery",NA,NA,NA,NA,NA,NA,NA,NA
"V1.306","p130, Brechin Place","p130, Brechin Place",NA,NA,NA,NA,NA,NA,NA,NA
"V1.307","p131, Pelham Crescent","p131, Pelham Crescent",NA,NA,NA,NA,NA,NA,NA,NA
"V1.308","p131, Chelsea (The Thames)","p131, Chelsea (The Thames)",NA,NA,NA,NA,NA,NA,NA,NA
"V1.309","p131, Battersea (The Thames)","p131, Battersea (The Thames)",NA,NA,NA,NA,NA,NA,NA,NA
"V1.310","p131, Radstock Street","p131, Radstock Street","Howie Street at junction with Radstock Street",2,"30/06/1944",18:16:00,"SW11","Battersea","Battersea","V1 demolished 10 houses and badly damaged a further 40"
"V1.311","p132, Turk's Row","p132, Turk's Row",NA,NA,NA,NA,NA,NA,NA,NA
"V1.312","p132, Battersea Park","p132, Battersea Park",NA,NA,NA,NA,NA,NA,NA,NA
"V1.313","p132, Peabody Avenue","p132, Peabody Avenue",NA,NA,NA,NA,NA,NA,NA,NA
"V1.314","p133, Turpentine Lane","p133, Turpentine Lane",NA,NA,NA,NA,NA,NA,NA,NA
"V1.315","p133, Winchester Street","p133, Winchester Street",NA,NA,NA,NA,NA,NA,NA,NA
"V1.316","p133, Grosvenor Road","p133, Grosvenor Road",NA,NA,NA,NA,NA,NA,NA,NA
"V1.317","p133, Regency Street","p133, Regency Street",NA,NA,NA,NA,NA,NA,NA,NA
"V1.318","p133, Vauxhall Bridge (The Thames)","p133, Vauxhall Bridge (The Thames)",NA,NA,NA,NA,NA,NA,NA,NA
"V1.319","p133, Nine Elms","p133, Nine Elms",NA,NA,NA,NA,NA,NA,NA,NA
"V1.320","p133, Nine Elms","p133, Nine Elms",NA,NA,NA,NA,NA,NA,NA,NA
"V1.321","p133, Wyvil Road","p133, Wyvil Road",NA,NA,NA,NA,NA,NA,NA,NA
"V1.322","p133, Wilcox Road","p133, Wilcox Road",NA,NA,NA,NA,NA,NA,NA,NA
"V1.323","p134, Vauxhall Park","p134, Vauxhall Park",NA,NA,NA,NA,NA,NA,NA,NA
"V1.324","p134, Fentiman Road","p134, Fentiman Road",NA,NA,NA,NA,NA,NA,NA,NA
"V1.325","p134, Richborne Terrace","p134, Richborne Terrace",NA,NA,NA,NA,NA,NA,NA,NA
"V1.326","p134, The Oval","p134, The Oval",NA,NA,NA,NA,NA,NA,NA,NA
"V1.327","p134, Clapham Road","p134, Clapham Road",NA,NA,NA,NA,NA,NA,NA,NA
"V1.328","p134, Montford Place","p134, Montford Place",NA,NA,NA,NA,NA,NA,NA,NA
"V1.329","p134, Kennington Lane","p134, Kennington Lane",NA,NA,NA,NA,NA,NA,NA,NA
"V1.330","p134, Vauxhall Street","p134, Vauxhall Street",NA,NA,NA,NA,NA,NA,NA,NA
"V1.331","p135, Camberwell New Road","p135, Camberwell New Road","Brixton Road Cambewell New Road junction SE Quad",2,"16/07/1944",10:25:00,"SW9","Lambeth","Kennington","The V1 struck Brixton Road and Camberwell New Road. A range of buildings used as workrooms,office and stores suffered severe damage"
"V1.332","p135, Stannary Street","p135, Stannary Street",NA,NA,NA,NA,NA,NA,NA,NA
"V1.333","p135, Kennington","p135, Kennington",NA,NA,NA,NA,NA,NA,NA,NA
"V1.334","p135, Holyoak Road","p135, Holyoak Road",NA,NA,NA,NA,NA,NA,NA,NA
"V1.335","p135, Holyoak Road","p135, Holyoak Road",NA,NA,NA,NA,NA,NA,NA,NA
"V1.336","p135, Delverton Road","p135, Delverton Road",NA,NA,NA,NA,NA,NA,NA,NA
"V1.337","p135, Manor Place","p135, Manor Place",NA,NA,NA,NA,NA,NA,NA,NA
"V1.338","p135, Penrose Street","p135, Penrose Street",NA,NA,NA,NA,NA,NA,NA,NA
"V1.339","p135, Bronti Close","p135, Bronti Close",NA,NA,NA,NA,NA,NA,NA,NA
"V1.340","p135, Sutherland Square","p135, Sutherland Square",NA,NA,NA,NA,NA,NA,NA,NA
"V1.341","p135, Camberwell","p135, Camberwell",NA,NA,NA,NA,NA,NA,NA,NA
"V1.342","p135, Albany Road","p135, Albany Road",NA,NA,NA,NA,NA,NA,NA,NA
"V1.343","p136, Phelp Street","p136, Phelp Street",NA,NA,NA,NA,NA,NA,NA,NA
"V1.344","p136, Dawes Street","p136, Dawes Street",NA,NA,NA,NA,NA,NA,NA,NA
"V1.345","p136, Walworth","p136, Walworth",NA,NA,NA,NA,NA,NA,NA,NA
"V1.346","p136, Walworth","p136, Walworth",NA,NA,NA,NA,NA,NA,NA,NA
"V1.347","p136, Parkhouse Street","p136, Parkhouse Street",NA,NA,NA,NA,NA,NA,NA,NA
"V1.348","p137, Pennack Road","p137, Pennack Road",NA,NA,NA,NA,NA,NA,NA,NA
"V1.349","p137, Willowbrook Road","p137, Willowbrook Road",NA,NA,NA,NA,NA,NA,NA,NA
"V1.350","p137, Haymerle Road","p137, Haymerle Road",NA,NA,NA,NA,NA,NA,NA,NA
"V1.351","p137, Frensham Street","p137, Frensham Street",NA,NA,NA,NA,NA,NA,NA,NA
"V1.352","p137, Bird in Bush","p137, Bird in Bush",NA,NA,NA,NA,NA,NA,NA,NA
"V1.353","p137, Green Hundred Road","p137, Green Hundred Road",NA,NA,NA,NA,NA,NA,NA,NA
"V1.354","p137, Rolls Road","p137, Rolls Road",NA,NA,NA,NA,NA,NA,NA,NA
"V1.355","p137, Raymouth Road","p137, Raymouth Road",NA,NA,NA,NA,NA,NA,NA,NA
"V1.356","p137, Radnor Road","p137, Radnor Road",NA,NA,NA,NA,NA,NA,NA,NA
"V1.357","p138, Record Street","p138, Record Street",NA,NA,NA,NA,NA,NA,NA,NA
"V1.358","p138, New Cross (railway)","p138, New Cross (railway)",NA,NA,NA,NA,NA,NA,NA,NA
"V1.359","p138, Cold Blow Lane","p138, Cold Blow Lane",NA,NA,NA,NA,NA,NA,NA,NA
"V1.360","p138, New Cross (railway)","p138, New Cross (railway)",NA,NA,NA,NA,NA,NA,NA,NA
"V1.361","p138, Bolina Road","p138, Bolina Road",NA,NA,NA,NA,NA,NA,NA,NA
"V1.362","p138, Bush Road","p138, Bush Road",NA,NA,NA,NA,NA,NA,NA,NA
"V1.363","p138, Croft Street","p138, Croft Street",NA,NA,NA,NA,NA,NA,NA,NA
"V1.364","p139, Evelyn Street","p139, Evelyn Street",NA,NA,NA,NA,NA,NA,NA,NA
"V1.365","p139, Gosterwood Street","p139, Gosterwood Street",NA,NA,NA,NA,NA,NA,NA,NA
"V1.366","p139, Vansittart Street","p139, Vansittart Street",NA,NA,NA,NA,NA,NA,NA,NA
"V1.367","p139, Arklow Road","p139, Arklow Road",NA,NA,NA,NA,NA,NA,NA,NA
"V1.368","p139, Sayes Court Street","p139, Sayes Court Street",NA,NA,NA,NA,NA,NA,NA,NA
"V1.369","p139, Czar Street","p139, Czar Street",NA,NA,NA,NA,NA,NA,NA,NA
"V1.370","p139, Watergate Street","p139, Watergate Street",NA,NA,NA,NA,NA,NA,NA,NA
"V1.371","p139, Watergate Street","p139, Watergate Street",NA,NA,NA,NA,NA,NA,NA,NA
"V1.372","p139, Deptford Green","p139, Deptford Green",NA,NA,NA,NA,NA,NA,NA,NA
"V1.373","p139, Deptford","p139, Deptford",NA,NA,NA,NA,NA,NA,NA,NA
"V1.374","p139, Deptford","p139, Deptford",NA,NA,NA,NA,NA,NA,NA,NA
"V1.375","p139, Deptford","p139, Deptford",NA,NA,NA,NA,NA,NA,NA,NA
"V1.376","p139, Plough Way","p139, Plough Way",NA,NA,NA,NA,NA,NA,NA,NA
"V1.377","p139, Deptford (The Thames)","p139, Deptford (The Thames)",NA,NA,NA,NA,NA,NA,NA,NA
"V1.378","p140, Millwall (The Thames)","p140, Millwall (The Thames)",NA,NA,NA,NA,NA,NA,NA,NA
"V1.379","p140, Westferry Road","p140, Westferry Road",NA,NA,NA,NA,NA,NA,NA,NA
"V1.380","p140, Millwall (The Thames)","p140, Millwall (The Thames)",NA,NA,NA,NA,NA,NA,NA,NA
"V1.381","p140, Greenwich","p140, Greenwich",NA,NA,NA,NA,NA,NA,NA,NA
"V1.382","p140, South Church Street","p140, South Church Street",NA,NA,NA,NA,NA,NA,NA,NA
"V1.383","p140, Norman Road","p140, Norman Road",NA,NA,NA,NA,NA,NA,NA,NA
"V1.384","p141, Park Row","p141, Park Row",NA,NA,NA,NA,NA,NA,NA,NA
"V1.385","p141, Park Row","p141, Park Row",NA,NA,NA,NA,NA,NA,NA,NA
"V1.386","p141, Mell Street","p141, Mell Street",NA,NA,NA,NA,NA,NA,NA,NA
"V1.387","p141, North Greenwich","p141, North Greenwich",NA,NA,NA,NA,NA,NA,NA,NA
"V1.388","p141, North Greenwich","p141, North Greenwich",NA,NA,NA,NA,NA,NA,NA,NA
"V1.389","p142, Dupree Road","p142, Dupree Road",NA,NA,NA,NA,NA,NA,NA,NA
"V1.390","p142, Charlton","p142, Charlton",NA,NA,NA,NA,NA,NA,NA,NA
"V1.391","p142, North Greenwich","p142, North Greenwich",NA,NA,NA,NA,NA,NA,NA,NA
"V1.392","p142, Anchor and Hope Lane","p142, Anchor and Hope Lane",NA,NA,NA,NA,NA,NA,NA,NA
"V1.393","p142, Beaconsfield Road","p142, Beaconsfield Road",NA,NA,NA,NA,NA,NA,NA,NA
"V1.394","p142, Hardy Road","p142, Hardy Road",NA,NA,NA,NA,NA,NA,NA,NA
"V1.295","p143, Anchor and Hope Lane","p143, Anchor and Hope Lane",NA,NA,NA,NA,NA,NA,NA,NA
"V1.396","p143, Delafield Road","p143, Delafield Road",NA,NA,NA,NA,NA,NA,NA,NA
"V1.397","p143, Mascalls Road","p143, Mascalls Road",NA,NA,NA,NA,NA,NA,NA,NA
"V1.398","p143, Charlton Road","p143, Charlton Road",NA,NA,NA,NA,NA,NA,NA,NA
"V1.399","p143, Canberra Road","p143, Canberra Road",NA,NA,NA,NA,NA,NA,NA,NA
"V1.400","p143, Charlton Park","p143, Charlton Park",NA,NA,NA,NA,NA,NA,NA,NA
"V1.401","p143, Charlton Park","p143, Charlton Park",NA,NA,NA,NA,NA,NA,NA,NA
"V1.402","p143, Kinveachy Gardens","p143, Kinveachy Gardens",NA,NA,NA,NA,NA,NA,NA,NA
"V1.403","p143, Eastmoor Place","p143, Eastmoor Place",NA,NA,NA,NA,NA,NA,NA,NA
"V1.404","p144, Academy Road",NA,NA,NA,NA,NA,NA,NA,NA,NA
"V1.405","p145, Nightingale Vale",NA,NA,NA,NA,NA,NA,NA,NA,NA
"V1.406","p145, Eglinton Hill",NA,NA,NA,NA,NA,NA,NA,NA,NA
"V1.407","p145, Barnfield Road",NA,NA,NA,NA,NA,NA,NA,NA,NA
"V1.408","p145, Wrottesley Road",NA,NA,NA,NA,NA,NA,NA,NA,NA
"V1.409","p145, Sandbach Place",NA,NA,NA,NA,NA,NA,NA,NA,NA
"V1.410","p146, Heavitree Road",NA,NA,NA,NA,NA,NA,NA,NA,NA
"V1.411","p146, Bassant Road",NA,NA,NA,NA,NA,NA,NA,NA,NA
"V1.412","p146, Bassant Road",NA,NA,NA,NA,NA,NA,NA,NA,NA
"V1.413","p146, Tewson Road",NA,NA,NA,NA,NA,NA,NA,NA,NA
"V1.414","p146, Hylton Street",NA,NA,NA,NA,NA,NA,NA,NA,NA
"V1.415","p147, Woodhurst Road",NA,NA,NA,NA,NA,NA,NA,NA,NA
"V1.416","p147, Smithies Road",NA,NA,NA,NA,NA,NA,NA,NA,NA
"V1.417","p147, Bostall Woods",NA,NA,NA,NA,NA,NA,NA,NA,NA
"V1.418","p148, Bostall Heath",NA,NA,NA,NA,NA,NA,NA,NA,NA
"V1.419","p150, Putney Lower Common",NA,NA,NA,NA,NA,NA,NA,NA,NA
"V1.420","p151, Putney Bridge",NA,NA,NA,NA,NA,NA,NA,NA,NA
"V1.421","p151, Reporton Road",NA,NA,NA,NA,NA,NA,NA,NA,NA
"V1.422","p151, Barclay Road","p151, Barclay Road",NA,NA,NA,NA,NA,NA,NA,NA
"V1.423","p151, Peterborough Road","p151, Peterborough Road",NA,NA,NA,NA,NA,NA,NA,NA
"V1.424","p152, Avalon Road","p152, Avalon Road",NA,NA,NA,NA,NA,NA,NA,NA
"V1.425","p152, Imperial Wharf","p152, Imperial Wharf",NA,NA,NA,NA,NA,NA,NA,NA
"V1.426","p152, Imperial Wharf (The Thames)","p152, Imperial Wharf (The Thames)",NA,NA,NA,NA,NA,NA,NA,NA
"V1.427","p152, Cotton Row (The Thames)","p152, Cotton Row (The Thames)",NA,NA,NA,NA,NA,NA,NA,NA
"V1.428","p152, Cotton Row (The Thames)","p152, Cotton Row (The Thames)",NA,NA,NA,NA,NA,NA,NA,NA
"V1.429","p153, Chelsea Harbour (The Thames)","p153, Chelsea Harbour (The Thames)",NA,NA,NA,NA,NA,NA,NA,NA
"V1.430","p153, Battersea Reach (The Thames)","p153, Battersea Reach (The Thames)",NA,NA,NA,NA,NA,NA,NA,NA
"V1.431","p153, Cotton Row","p153, Cotton Row",NA,NA,NA,NA,NA,NA,NA,NA
"V1.432","p153, Gwynne Road","p153, Gwynne Road","The junction of the High St and Gwynne Road (around 110 High St)",3,"18/06/1944",05:42:00,"SW11","Battersea","Battersea","V1 Destroyed 110 High St and also damaged a van and some timber"
"V1.433","p153, Petworth Street","p153, Petworth Street","Petworth Street East side junction with Bolan Street",9,"21/06/1944",01:03:00,"SW11","Battersea","Battersea","The V1 demolished 6 houses and damaged 20 others"
"V1.434","p153, Battersea Park","p153, Battersea Park",NA,NA,NA,NA,NA,NA,NA,NA
"V1.435","p153, Batten Street","p153, Batten Street",NA,NA,NA,NA,NA,NA,NA,NA
"V1.436","p154, Battersea Park","p154, Battersea Park",NA,NA,NA,NA,NA,NA,NA,NA
"V1.437","p154, Prince of Wales Drive","p154, Prince of Wales Drive",NA,NA,NA,NA,NA,NA,NA,NA
"V1.438","p154, Lurline Gardens","p154, Lurline Gardens",NA,NA,NA,NA,NA,NA,NA,NA
"V1.439","p154, Broughton Street","p154, Broughton Street",NA,NA,NA,NA,NA,NA,NA,NA
"V1.440","p154, Brassey Square","p154, Brassey Square",NA,NA,NA,NA,NA,NA,NA,NA
"V1.441","p154, Montefiore Street","p154, Montefiore Street",NA,NA,NA,NA,NA,NA,NA,NA
"V1.442","p155, Queenstown Road","p155, Queenstown Road",NA,NA,NA,NA,NA,NA,NA,NA
"V1.443","p155, Corunna Terrace","p155, Corunna Terrace",NA,NA,NA,NA,NA,NA,NA,NA
"V1.444","p155, Corunna Road","p155, Corunna Road",NA,NA,NA,NA,NA,NA,NA,NA
"V1.445","p155, Wandsworth Road","p155, Wandsworth Road",NA,NA,NA,NA,NA,NA,NA,NA
"V1.446","p155, Wandsworth Road","p155, Wandsworth Road",NA,NA,NA,NA,NA,NA,NA,NA
"V1.447","p155, Fount Street","p155, Fount Street",NA,NA,NA,NA,NA,NA,NA,NA
"V1.448","p155, Larkhall Lane","p155, Larkhall Lane",NA,NA,NA,NA,NA,NA,NA,NA
"V1.449","p155, Clarence Walk","p155, Clarence Walk","Paradise Road Clarence walk junction SW quad",1,"29/07/1944",00:20:00,"SW4","Lambeth","Clapham","The V1 fell in Paradise Road. Stockwell Methodist Church Hall was damaged."
"V1.450","p155, Gauden Road","p155, Gauden Road","Gauden Road",11,"27/06/1944",00:20:00,"SW4","Lambeth","Clapham","1 of 2 V1's in Gauden Road. I cannot ascertain which date matches which location. One fell at the Station end, the other on the North side by Broomfield Road junction."
"V1.451","p155, Gauden Road","p155, Gauden Road","Gauden Road",1,"28/06/1944",13:50:00,"SW4","Lambeth","Clapham","2nd of 2 V1's in Gauden Road. I cannot ascertain which date matches with location. One fell at the Station end, the other on the North side by Broomfield Road junction."
"V1.452","p155, Clapham High Street","p155, Clapham High Street","Clapham Road clapham north",4,"10/07/1944",02:55:00,"SW9","Lambeth","Clapham","The V1 hit Clapham Road opposite Clapham North Tube. 6 houses were demolished and 20 houses and a Church severely damaged. The area has been re-developed as a housing estate and the church re-built"
"V1.453","p156, Hartington Road","p156, Hartington Road",NA,NA,NA,NA,NA,NA,NA,NA
"V1.454","p156, Studley Road","p156, Studley Road","Studley Road",0,"25/06/1944",00:36:00,"SW4","Lambeth","Clapham","The V1 fell in Studley Road. 10 houses were demolished and 30 severely damaged."
"V1.455","p156, Paradise Road","p156, Paradise Road","Paradise Road",0,"29/06/1944",12:06:00,"SW4","Lambeth","Clapham","The V1 fell in Paradise Road and hit a gasometer at the South Metropolitan gas company"
"V1.456","p156, Lorn Road","p156, Lorn Road","Stockwell Park Road by Lorn Road",11,"22/06/1944",06:58:00,"SW9","Lambeth","Stockwell","V1 in Stockwell Park Road by L orn Road."
"V1.457","p156, Sidney Road","p156, Sidney Road","Manor House Road/Sidney Road",4,"27/08/1944",07:18:00,"SW9","Lambeth","Brixton","The V1 hit Manor house road. 20 houses demolished and 30 damaged."
"V1.458","p156, Rumsey Road","p156, Rumsey Road","Rumsey road between Benedict and Speenham Road",5,"16/07/1944",07:47:00,"SW9","Lambeth","Brixton","The V1 struck in Rumsey Road. 12 houses were demolished and 40 damaged."
"V1.459","p157, Loughborough Road","p157, Loughborough Road","BarringtonRoad/Loughborough Road",0,"24/07/1944",00:25:00,"SW9","Lambeth","Brixton","V1 in Barrington Road. No casualties reported. 2 houses demolished and 40 damaged an ews brick and steel dam damaged by blast."
"V1.460","p157, Lowth Road","p157, Lowth Road",NA,NA,NA,NA,NA,NA,NA,NA
"V1.461","p157, Lothian Road","p157, Lothian Road","Pathos Road/Lothian Street",5,"10/08/1944",21:09:00,"SW9","Lambeth","Brixton","The V1 hit Pathos Road and Lothian Street.8 houses were demolished and 30 badly damaged."
"V1.462","p157, Camberwell Station Road","p157, Camberwell Station Road",NA,NA,NA,NA,NA,NA,NA,NA
"V1.463","p157, Medlar Street","p157, Medlar Street",NA,NA,NA,NA,NA,NA,NA,NA
"V1.464","p157, Wyndham Road","p157, Wyndham Road",NA,NA,NA,NA,NA,NA,NA,NA
"V1.465","p157, Lomond Grove","p157, Lomond Grove",NA,NA,NA,NA,NA,NA,NA,NA
"V1.466","p158, St Giles Road","p158, St Giles Road",NA,NA,NA,NA,NA,NA,NA,NA
"V1.467","p158, Southampton Way","p158, Southampton Way",NA,NA,NA,NA,NA,NA,NA,NA
"V1.468","p158, Pentridge Street","p158, Pentridge Street",NA,NA,NA,NA,NA,NA,NA,NA
"V1.469","p158, Camberwell Grove","p158, Camberwell Grove",NA,NA,NA,NA,NA,NA,NA,NA
"V1.470","p159, Commercial Way","p159, Commercial Way",NA,NA,NA,NA,NA,NA,NA,NA
"V1.471","p159, Mckerrell Road","p159, Mckerrell Road",NA,NA,NA,NA,NA,NA,NA,NA
"V1.472","p159, Raul Road","p159, Raul Road",NA,NA,NA,NA,NA,NA,NA,NA
"V1.473","p159, Wood's Road","p159, Wood's Road",NA,NA,NA,NA,NA,NA,NA,NA
"V1.474","p159, Bidwell Street","p159, Bidwell Street",NA,NA,NA,NA,NA,NA,NA,NA
"V1.475","p159, Copeland Road","p159, Copeland Road",NA,NA,NA,NA,NA,NA,NA,NA
"V1.476","p159, Stanbury Road","p159, Stanbury Road",NA,NA,NA,NA,NA,NA,NA,NA
"V1.477","p159, McDermott Road","p159, McDermott Road",NA,NA,NA,NA,NA,NA,NA,NA
"V1.478","p159, Scylla Road","p159, Scylla Road",NA,NA,NA,NA,NA,NA,NA,NA
"V1.479","p160, Besson Street","p160, Besson Street",NA,NA,NA,NA,NA,NA,NA,NA
"V1.480","p160, Erlanger Road","p160, Erlanger Road",NA,NA,NA,NA,NA,NA,NA,NA
"V1.481","p160, Troutbeck Road","p160, Troutbeck Road",NA,NA,NA,NA,NA,NA,NA,NA
"V1.482","p160, New Cross Gate","p160, New Cross Gate",NA,NA,NA,NA,NA,NA,NA,NA
"V1.483","p160, Evelina Road","p160, Evelina Road",NA,NA,NA,NA,NA,NA,NA,NA
"V1.484","p160, Selden Road","p160, Selden Road",NA,NA,NA,NA,NA,NA,NA,NA
"V1.485","p160, Drakefell Road","p160, Drakefell Road",NA,NA,NA,NA,NA,NA,NA,NA
"V1.486","p160, Pepys Road","p160, Pepys Road",NA,NA,NA,NA,NA,NA,NA,NA
"V1.487","p160, Ommaney Road","p160, Ommaney Road",NA,NA,NA,NA,NA,NA,NA,NA
"V1.488","p161, Endwell Road","p161, Endwell Road",NA,NA,NA,NA,NA,NA,NA,NA
"V1.489","p161, Millmark Grove","p161, Millmark Grove",NA,NA,NA,NA,NA,NA,NA,NA
"V1.490","p161, Brockley","p161, Brockley",NA,NA,NA,NA,NA,NA,NA,NA
"V1.491","p161, Cranfield Road","p161, Cranfield Road",NA,NA,NA,NA,NA,NA,NA,NA
"V1.492","p161, St Donatts Road","p161, St Donatts Road",NA,NA,NA,NA,NA,NA,NA,NA
"V1.493","p161, Achilles Street","p161, Achilles Street",NA,NA,NA,NA,NA,NA,NA,NA
"V1.494","p161, Glenville Grove","p161, Glenville Grove",NA,NA,NA,NA,NA,NA,NA,NA
"V1.495","p161, Deptford Church Street","p161, Deptford Church Street",NA,NA,NA,NA,NA,NA,NA,NA
"V1.496","p162, Deptford Bridge","p162, Deptford Bridge",NA,NA,NA,NA,NA,NA,NA,NA
"V1.497","p162, Greenwich Station","p162, Greenwich Station",NA,NA,NA,NA,NA,NA,NA,NA
"V1.498","p162, Greenwich Station","p162, Greenwich Station",NA,NA,NA,NA,NA,NA,NA,NA
"V1.499","p162, Greenwich High Road","p162, Greenwich High Road",NA,NA,NA,NA,NA,NA,NA,NA
"V1.500","p162, Egerton Drive","p162, Egerton Drive",NA,NA,NA,NA,NA,NA,NA,NA
"V1.501","p162, Ashburnham Grove","p162, Ashburnham Grove",NA,NA,NA,NA,NA,NA,NA,NA
"V1.502","p162, Burney Street","p162, Burney Street",NA,NA,NA,NA,NA,NA,NA,NA
"V1.503","p162, Blackheath Hill","p162, Blackheath Hill",NA,NA,NA,NA,NA,NA,NA,NA
"V1.504","p162, Blackheath Hill","p162, Blackheath Hill",NA,NA,NA,NA,NA,NA,NA,NA
"V1.505","p162, Ravensbourne River","p162, Ravensbourne River",NA,NA,NA,NA,NA,NA,NA,NA
"V1.506","p162, Dartmouth House","p162, Dartmouth House",NA,NA,NA,NA,NA,NA,NA,NA
"V1.507","p162, Morden Hill","p162, Morden Hill",NA,NA,NA,NA,NA,NA,NA,NA
"V1.508","p162, Morden Hill","p162, Morden Hill",NA,NA,NA,NA,NA,NA,NA,NA
"V1.509","p162, Lewisham Road","p162, Lewisham Road",NA,NA,NA,NA,NA,NA,NA,NA
"V1.510","p162, Granville Park","p162, Granville Park",NA,NA,NA,NA,NA,NA,NA,NA
"V1.511","p162, Granville Park","p162, Granville Park",NA,NA,NA,NA,NA,NA,NA,NA
"V1.512","p163, Crooms Hill","p163, Crooms Hill",NA,NA,NA,NA,NA,NA,NA,NA
"V1.513","p163, Greenwich Park","p163, Greenwich Park",NA,NA,NA,NA,NA,NA,NA,NA
"V1.514","p163, Greenwich Park","p163, Greenwich Park",NA,NA,NA,NA,NA,NA,NA,NA
"V1.515","p163, Greenwich Park","p163, Greenwich Park",NA,NA,NA,NA,NA,NA,NA,NA
"V1.516","p163, Blackheath","p163, Blackheath",NA,NA,NA,NA,NA,NA,NA,NA
"V1.517","p163, Blackheath","p163, Blackheath",NA,NA,NA,NA,NA,NA,NA,NA
"V1.518","p163, Blackheath","p163, Blackheath",NA,NA,NA,NA,NA,NA,NA,NA
"V1.519","p163, Blackheath","p163, Blackheath",NA,NA,NA,NA,NA,NA,NA,NA
"V1.520","p163, Blackheath","p163, Blackheath",NA,NA,NA,NA,NA,NA,NA,NA
"V1.521","p163, Blackheath","p163, Blackheath",NA,NA,NA,NA,NA,NA,NA,NA
"V1.522","p163, Blackheath","p163, Blackheath",NA,NA,NA,NA,NA,NA,NA,NA
"V1.523","p163, Lawn Terrace","p163, Lawn Terrace",NA,NA,NA,NA,NA,NA,NA,NA
"V1.524","p163, Vanbrugh Park Road","p163, Vanbrugh Park Road",NA,NA,NA,NA,NA,NA,NA,NA
"V1.525","p164, Stratheden Road","p164, Stratheden Road",NA,NA,NA,NA,NA,NA,NA,NA
"V1.526","p164, Furzefield Road","p164, Furzefield Road",NA,NA,NA,NA,NA,NA,NA,NA
"V1.527","p164, Liskeard Gardens","p164, Liskeard Gardens",NA,NA,NA,NA,NA,NA,NA,NA
"V1.528","p164, Morden Road","p164, Morden Road",NA,NA,NA,NA,NA,NA,NA,NA
"V1.529","p164, Blackheath Park","p164, Blackheath Park",NA,NA,NA,NA,NA,NA,NA,NA
"V1.530","p164, Blackheath Park","p164, Blackheath Park",NA,NA,NA,NA,NA,NA,NA,NA
"V1.531","p164, Kidbrooke Park Road","p164, Kidbrooke Park Road",NA,NA,NA,NA,NA,NA,NA,NA
"V1.532","p165, Broad Walk","p165, Broad Walk",NA,NA,NA,NA,NA,NA,NA,NA
"V1.533","p165, Charlton Dene","p165, Charlton Dene",NA,NA,NA,NA,NA,NA,NA,NA
"V1.534","p165, Stadium Road","p165, Stadium Road",NA,NA,NA,NA,NA,NA,NA,NA
"V1.535","p166, Broad Walk","p166, Broad Walk",NA,NA,NA,NA,NA,NA,NA,NA
"V1.536","p166, Sevendroog Castle",NA,NA,NA,NA,NA,NA,NA,NA,NA
"V1.537","p167, Shrewsbury Lane",NA,NA,NA,NA,NA,NA,NA,NA,NA
"V1.538","p167, Shooters Hill",NA,NA,NA,NA,NA,NA,NA,NA,NA
"V1.539","p167, Shooters Hill",NA,NA,NA,NA,NA,NA,NA,NA,NA
"V1.540","p167, Moordown",NA,NA,NA,NA,NA,NA,NA,NA,NA
"V1.541","p167, Condover Crescent",NA,NA,NA,NA,NA,NA,NA,NA,NA
"V1.542","p167, Admaston Road",NA,NA,NA,NA,NA,NA,NA,NA,NA
"V1.534","p168, Landstead Road","p165, Stadium Road",NA,NA,NA,NA,NA,NA,NA,NA
"V1.544","p168, Duncroft",NA,NA,NA,NA,NA,NA,NA,NA,NA
"V1.545","p168, Melling Street",NA,NA,NA,NA,NA,NA,NA,NA,NA
"V1.546","p169, Camdale Road",NA,NA,NA,NA,NA,NA,NA,NA,NA
"V1.547","p171, Roehampton",NA,NA,NA,NA,NA,NA,NA,NA,NA
"V1.548","p171, Putney Heath",NA,NA,NA,NA,NA,NA,NA,NA,NA
"V1.549","p171, Putney Park Lane",NA,NA,NA,NA,NA,NA,NA,NA,NA
"V1.550","p171, Huntingfield Road",NA,NA,NA,NA,NA,NA,NA,NA,NA
"V1.551","p172, Norroy Road",NA,NA,NA,NA,NA,NA,NA,NA,NA
"V1.552","p172, Burston Road",NA,NA,NA,NA,NA,NA,NA,NA,NA
"V1.553","p13, Fawe Park Road",NA,NA,NA,NA,NA,NA,NA,NA,NA
"V1.554","p173, Wandsworth Park","p173, Wandsworth Park",NA,NA,NA,NA,NA,NA,NA,NA
"V1.555","p173, Portinscale Road",NA,NA,NA,NA,NA,NA,NA,NA,NA
"V1.556","p173, Lebanon Road","p173, Lebanon Road",NA,NA,NA,NA,NA,NA,NA,NA
"V1.557","p174, Acris Street","p174, Acris Street",NA,NA,NA,NA,NA,NA,NA,NA
"V1.558","p174, Rosehill Road","p174, Rosehill Road",NA,NA,NA,NA,NA,NA,NA,NA
"V1.559","p174, Borrodaile Road","p174, Borrodaile Road",NA,NA,NA,NA,NA,NA,NA,NA
"V1.560","p174, St Ann's Hill","p174, St Ann's Hill",NA,NA,NA,NA,NA,NA,NA,NA
"V1.561","p174, St Ann's Hill","p174, St Ann's Hill",NA,NA,NA,NA,NA,NA,NA,NA
"V1.562","p175, Jessica Road","p175, Jessica Road",NA,NA,NA,NA,NA,NA,NA,NA
"V1.563","p175, Spencer Park","p175, Spencer Park",NA,NA,NA,NA,NA,NA,NA,NA
"V1.564","p175, Plough Terrace","p175, Plough Terrace",NA,NA,NA,NA,NA,NA,NA,NA
"V1.565","p175, Battersea Rise","p175, Battersea Rise",NA,NA,NA,NA,NA,NA,NA,NA
"V1.566","p175, Mossbury Road","p175, Mossbury Road",NA,NA,NA,NA,NA,NA,NA,NA
"V1.567","p175, Elspeth Road","p175, Elspeth Road",NA,NA,NA,NA,NA,NA,NA,NA
"V1.568","p175, Wakehurst Road","p175, Wakehurst Road",NA,NA,NA,NA,NA,NA,NA,NA
"V1.569","p175, Honeywell Road","p175, Honeywell Road","Honeywell Road Between Honeywell and Broomwood Road : Norhcross road junction",6,"23/06/1944",18:55:00,"SW11","Battersea","Battersea","V1 destroyed 8 houses and badly damaged a further 20"
"V1.570","p176, Sisters Avenue","p176, Sisters Avenue",NA,NA,NA,NA,NA,NA,NA,NA
"V1.571","p176, Devereux Road","p176, Devereux Road",NA,NA,NA,NA,NA,NA,NA,NA
"V1.572","p176, Clapham Common","p176, Clapham Common","Clapham Common West side",0,"03/08/1944",03:12:00,"SW4","Lambeth","Clapham","V1 on open ground on Clapham Common. Slight damage to surrounding property."
"V1.573","p176, Clapham Common","p176, Clapham Common","Clapham Common",1,"22/06/1944",08:45:00,"SW4","Lambeth","Clapham","V1 fell on open ground on Clapham Common, some damage to surrounding properties."
"V1.574","p176, Windmill Drive","p176, Windmill Drive","Clapham common at mount pond",0,"17/06/1944",18:35:00,"SW4","Lambeth","Clapham","V1 fell on Clapham Common near Mount Pond. No damage is reported"
"V1.575","p177, Clapham Common","p177, Clapham Common","Clapham Common South Side",0,"21/06/1944",01:45:00,"SW4","Lambeth","Clapham","The V1 fell on the South side of Clapham Common. Some damage to surrounding property"
"V1.576","p177, Lessar Avenue","p177, Lessar Avenue","Lesser Avenue Position between Lessar and Cautley avenues half way up",2,"13/07/1944",10:55:00,"SW4","Lambeth","Clapham","The V1 struck Lesser Avenue and demolished 20 houses and caused severe damage to 20 others. There was a small fire in the debris."
"V1.577","p177, Trouville Road","p177, Trouville Road","Cavendish Road/Trouville Road",0,"19/07/1944",01:31:00,"SW4","Lambeth","Clapham","The V1 fell in Cavendish Road and demolished 6 houses and caused severe damage to 20 others. The area has been re-developed with a housing estate"
"V1.578","p177, Gaskarth Road","p177, Gaskarth Road",NA,NA,NA,NA,NA,NA,NA,NA
"V1.579","p177, Grafton Square","p177, Grafton Square",NA,NA,NA,NA,NA,NA,NA,NA
"V1.580","p177, Sandmere Road","p177, Sandmere Road","Sandmere Road",0,"01/07/1944",14:10:00,"SW4","Lambeth","Clapham","The 2nd of 2 V1's that fell in this area. Very little details were recorded. The area has been totally re-developed as a housing estate."
"V1.581","p177, Kepler Road","p177, Kepler Road","Kepler Road",7,"25/06/1944",03:56:00,"SW4","Lambeth","Clapham","One of 2 V1's that fell in this area. 12 houses were demolished in Kepler Road, 20 badly damaged in Kepler Road and 12 in Solon New Road. The area has been totally re-developed as a housing estate"
"V1.582","p177, Kildoran Road","p177, Kildoran Road",NA,NA,NA,NA,NA,NA,NA,NA
"V1.583","p177, Kings Avenue","p177, Kings Avenue","Kings Avenue at Clarence road junction",3,"27/07/1944",01:44:00,"SW4","Lambeth","Clapham","The V1 fell at the junction of Kings Avenue and Clarence Road. It demolished 12 flats and 40 houses and also caused much damage to Queenswood court. This building has tell tale metal window frames which were installed as replacements."
"V1.584","p178, Acre Lane","p178, Acre Lane","Acre Lane by Town Hall",25,"28/06/1944",12:49:00,"SW2","Lambeth","Brixton","This very serious incident occurred when the V1 struck a row of shops/buildings opposite the Town Hall in Acre Lane. One of the buildings was being used as a rest centre for people who had previously been forced out of their homes by Flying bombs. As well as the rest centre 10 houses and shops were demolished and 20 houses damaged. Lambeth Town Hall, a modern building, clearly stood up well to the blast and no structural damage can be detected. However careful inspection will reveal that the Windows frames down the side of the Acre Lane side of the town hall are in a slightly different style to elsewhere in the building and must have been completely blown out. On the other side of the road the sight of the rest centre and shops has been replaced with 1960's style new shops filling the gap."
"V1.585","p178, Baytree Road","p178, Baytree Road","Between Baytree and Sudbourne Road",3,"01/07/1944",03:49:00,"SW2","Lambeth","Brixton","The V1 struck between Baytree and Sudbourne Road. 20 houses were demolished and 40 very badly damaged. The area has been re-developed with post war flats."
"V1.586","p178, Trelawn Road","p178, Trelawn Road","Trelawn Road Half way up South side",11,"04/07/1944",18:00:00,"SW2","Lambeth","Brixton","The V1 hit The South side of Trelawn road.11 houses were demolished and 40 badly damaged in both Trelawn and Morval Roads. The gap in the line of housing can still be seen. In Morval road the in-filling in now being rebuilt for a second time since the war time demolition"
"V1.587","p178, Brixton Water Lane","p178, Brixton Water Lane","Brixton water Lane/St Matthews Road",6,"05/07/1944",00:42:00,"SW2","Lambeth","Brixton","The V1 struck at the junction of Water Lane And St Matthew Road. 10 houses were demolished and 30 damaged. The area today has been totally re-developed so it is not possible to ascertain the impact site"
"V1.588","p178, Dumbarton Road","p178, Dumbarton Road","Lyham Road by Dumbarton Road",5,"18/06/1944",12:45:00,"SW2","Lambeth","Brixton","This V1 fell in Lyham Road between the Wall of Brixton prison and Dumbarton Road. 8 houses were demolished and 30 badly damaged."
"V1.589","p178, Beechdale Road","p178, Beechdale Road","SE end of Beechdale Road",9,"23/06/1944",16:46:00,"SW2","Lambeth","Brixton","The V1 fell at the South East end of Beechdale Road totally demolishing 12 houses and badly damaging 20. A further 12 were damaged in Endymion road."
"V1.590","p179, Effra Parade","p179, Effra Parade","Junction Effra Parade/Dalberg Road",2,"19/07/1944",04:06:00,"SW2","Lambeth","Brixton","The V1 divested the area around the Effra Parad/Dalberg Road junction. 12 houses were demolished and 40 badly damaged. The area today has been totally re-developed with flats."
"V1.591","p179, Brockwell Park","p179, Brockwell Park","Brockwell Park",0,"13/07/1944",17:48:00,"SW2","Lambeth","Herne Hill","The V1 fell in Brockwell Park. No casualties were reported by the Fire Brigade an Open air Theatre and 50 houses were damaged by the blast."
"V1.592","p179, Shakespeare Road","p179, Shakespeare Road",NA,NA,NA,NA,NA,NA,NA,NA
"V1.593","p179, Sunset Road","p179, Sunset Road",NA,NA,NA,NA,NA,NA,NA,NA
"V1.594","p179, Carver Road","p179, Carver Road",NA,NA,NA,NA,NA,NA,NA,NA
"V1.595","p179, Stradella Road","p179, Stradella Road",NA,NA,NA,NA,NA,NA,NA,NA
"V1.596","p180, Dulwich Grove","p180, Dulwich Grove",NA,NA,NA,NA,NA,NA,NA,NA
"V1.597","p180, Dulwich Grove","p180, Dulwich Grove",NA,NA,NA,NA,NA,NA,NA,NA
"V1.598","p180, Dulwich Grove","p180, Dulwich Grove",NA,NA,NA,NA,NA,NA,NA,NA
"V1.599","p180, Dulwich Grove","p180, Dulwich Grove",NA,NA,NA,NA,NA,NA,NA,NA
"V1.600","p180, Dulwich Grove","p180, Dulwich Grove",NA,NA,NA,NA,NA,NA,NA,NA
"V1.601","p180, Lordship Lane","p180, Lordship Lane",NA,NA,NA,NA,NA,NA,NA,NA
"V1.602","p181, Shawbury Road","p181, Shawbury Road",NA,NA,NA,NA,NA,NA,NA,NA
"V1.603","p181, Kinsale Road","p181, Kinsale Road",NA,NA,NA,NA,NA,NA,NA,NA
"V1.604","p181, Peckham Rye","p181, Peckham Rye",NA,NA,NA,NA,NA,NA,NA,NA
"V1.605","p181, Peckham Rye","p181, Peckham Rye",NA,NA,NA,NA,NA,NA,NA,NA
"V1.606","p181, Nunhead Grove","p181, Nunhead Grove",NA,NA,NA,NA,NA,NA,NA,NA
"V1.607","p181, Crystal Palace Road","p181, Crystal Palace Road",NA,NA,NA,NA,NA,NA,NA,NA
"V1.608","p181, Hindmans Road","p181, Hindmans Road",NA,NA,NA,NA,NA,NA,NA,NA
"V1.609","p181, Henslowe Road","p181, Henslowe Road",NA,NA,NA,NA,NA,NA,NA,NA
"V1.610","p181, Underhill Road","p181, Underhill Road",NA,NA,NA,NA,NA,NA,NA,NA
"V1.611","p181, Mundania Road","p181, Mundania Road",NA,NA,NA,NA,NA,NA,NA,NA
"V1.612","p182, Rye Hill Park","p182, Rye Hill Park",NA,NA,NA,NA,NA,NA,NA,NA
"V1.613","p182, Reynolds Road","p182, Reynolds Road",NA,NA,NA,NA,NA,NA,NA,NA
"V1.614","p182, Ivydale Road","p182, Ivydale Road",NA,NA,NA,NA,NA,NA,NA,NA
"V1.615","p182, Avignon Road","p182, Avignon Road",NA,NA,NA,NA,NA,NA,NA,NA
"V1.616","p182, St Norbert Road","p182, St Norbert Road",NA,NA,NA,NA,NA,NA,NA,NA
"V1.617","p182, Nash Road","p182, Nash Road",NA,NA,NA,NA,NA,NA,NA,NA
"V1.618","p182, Iverton Road","p182, Iverton Road",NA,NA,NA,NA,NA,NA,NA,NA
"V1.619","p182, Fernholme Road","p182, Fernholme Road",NA,NA,NA,NA,NA,NA,NA,NA
"V1.620","p182, Honor Oak","p182, Honor Oak",NA,NA,NA,NA,NA,NA,NA,NA
"V1.621","p182, Crofton Park","p182, Crofton Park",NA,NA,NA,NA,NA,NA,NA,NA
"V1.622","p182, Buckthorne Road","p182, Buckthorne Road",NA,NA,NA,NA,NA,NA,NA,NA
"V1.623","p183, Arica Road","p183, Arica Road",NA,NA,NA,NA,NA,NA,NA,NA
"V1.624","p183, Braxfield Road","p183, Braxfield Road",NA,NA,NA,NA,NA,NA,NA,NA
"V1.625","p183, Whitbread Road","p183, Whitbread Road",NA,NA,NA,NA,NA,NA,NA,NA
"V1.626","p183, Whitbread Road","p183, Whitbread Road",NA,NA,NA,NA,NA,NA,NA,NA
"V1.627","p183, Dalrymple Road","p183, Dalrymple Road",NA,NA,NA,NA,NA,NA,NA,NA
"V1.628","p183, Deptford Cemetery","p183, Deptford Cemetery",NA,NA,NA,NA,NA,NA,NA,NA
"V1.629","p183, Breakspears Road","p183, Breakspears Road",NA,NA,NA,NA,NA,NA,NA,NA
"V1.630","p183, Hilly Fields","p183, Hilly Fields",NA,NA,NA,NA,NA,NA,NA,NA
"V1.631","p183, Nuding Close","p183, Nuding Close",NA,NA,NA,NA,NA,NA,NA,NA
"V1.632","p183, Ladywell","p183, Ladywell",NA,NA,NA,NA,NA,NA,NA,NA
"V1.633","p183, Otford Crescent","p183, Otford Crescent",NA,NA,NA,NA,NA,NA,NA,NA
"V1.634","p183, Crofton Park Road","p183, Crofton Park Road",NA,NA,NA,NA,NA,NA,NA,NA
"V1.635","p183, Ewhurst Road","p183, Ewhurst Road",NA,NA,NA,NA,NA,NA,NA,NA
"V1.636","p184, Algernon Road","p184, Algernon Road",NA,NA,NA,NA,NA,NA,NA,NA
"V1.637","p184, Brookbank Road","p184, Brookbank Road",NA,NA,NA,NA,NA,NA,NA,NA
"V1.638","p184, Elmira Street","p184, Elmira Street",NA,NA,NA,NA,NA,NA,NA,NA
"V1.639","p184, Lewis Grove","p184, Lewis Grove",NA,NA,NA,NA,NA,NA,NA,NA
"V1.640","p184, Veda Road","p184, Veda Road",NA,NA,NA,NA,NA,NA,NA,NA
"V1.641","p184, Ermine Road","p184, Ermine Road",NA,NA,NA,NA,NA,NA,NA,NA
"V1.642","p184, Marsala Road","p184, Marsala Road",NA,NA,NA,NA,NA,NA,NA,NA
"V1.643","p184, Ladywell","p184, Ladywell",NA,NA,NA,NA,NA,NA,NA,NA
"V1.644","p184, Ladywell","p184, Ladywell",NA,NA,NA,NA,NA,NA,NA,NA
"V1.645","p184, Lewisham Park","p184, Lewisham Park",NA,NA,NA,NA,NA,NA,NA,NA
"V1.646","p184, Thornford Road","p184, Thornford Road",NA,NA,NA,NA,NA,NA,NA,NA
"V1.647","p184, George Lane","p184, George Lane",NA,NA,NA,NA,NA,NA,NA,NA
"V1.648","p185, Blessington Road","p185, Blessington Road",NA,NA,NA,NA,NA,NA,NA,NA
"V1.649","p185, Blessington Road","p185, Blessington Road",NA,NA,NA,NA,NA,NA,NA,NA
"V1.650","p185, Mercator Road","p185, Mercator Road",NA,NA,NA,NA,NA,NA,NA,NA
"V1.651","p185, Leahurst Road","p185, Leahurst Road",NA,NA,NA,NA,NA,NA,NA,NA
"V1.652","p185, Lenham Road","p185, Lenham Road",NA,NA,NA,NA,NA,NA,NA,NA
"V1.653","p185, Meadowcourt Road","p185, Meadowcourt Road",NA,NA,NA,NA,NA,NA,NA,NA
"V1.654","p185, Springbank Road","p185, Springbank Road",NA,NA,NA,NA,NA,NA,NA,NA
"V1.655","p185, Fernbrook Road","p185, Fernbrook Road",NA,NA,NA,NA,NA,NA,NA,NA
"V1.656","p186, Manor Way","p186, Manor Way",NA,NA,NA,NA,NA,NA,NA,NA
"V1.657","p186, Kidbrooke","p186, Kidbrooke",NA,NA,NA,NA,NA,NA,NA,NA
"V1.658","p186, Kidbrooke","p186, Kidbrooke",NA,NA,NA,NA,NA,NA,NA,NA
"V1.659","p186, Quaggy River","p186, Quaggy River",NA,NA,NA,NA,NA,NA,NA,NA
"V1.660","p186, Quaggy River","p186, Quaggy River",NA,NA,NA,NA,NA,NA,NA,NA
"V1.661","p187, Kidbrooke","p187, Kidbrooke",NA,NA,NA,NA,NA,NA,NA,NA
"V1.662","p187, Birdbrook Road","p187, Birdbrook Road",NA,NA,NA,NA,NA,NA,NA,NA
"V1.663","p187, Brenley Gardens","p187, Brenley Gardens",NA,NA,NA,NA,NA,NA,NA,NA
"V1.664","p187, Whinyates Road","p187, Whinyates Road",NA,NA,NA,NA,NA,NA,NA,NA
"V1.665","p188, Eltham","p188, Eltham",NA,NA,NA,NA,NA,NA,NA,NA
"V1.666","p188, Eltham Hill","p188, Eltham Hill",NA,NA,NA,NA,NA,NA,NA,NA
"V1.667","p189, Rochester Way",NA,NA,NA,NA,NA,NA,NA,NA,NA
"V1.668","p189, Rochester Way",NA,NA,NA,NA,NA,NA,NA,NA,NA
"V1.669","p189, Crown Woods Way",NA,NA,NA,NA,NA,NA,NA,NA,NA
"V1.670","p189, Bexley Road",NA,NA,NA,NA,NA,NA,NA,NA,NA
"V1.671","p189, Eltham",NA,NA,NA,NA,NA,NA,NA,NA,NA
"V1.672","p191, Kingston Road",NA,NA,NA,NA,NA,NA,NA,NA,NA
"V1.673","p192, Putney Heath",NA,NA,NA,NA,NA,NA,NA,NA,NA
"V1.674","p192, Putney Heath",NA,NA,NA,NA,NA,NA,NA,NA,NA
"V1.675","p192, Putney Heath",NA,NA,NA,NA,NA,NA,NA,NA,NA
"V1.676","p192, Princes Way",NA,NA,NA,NA,NA,NA,NA,NA,NA
"V1.677","p193, Albert Drive",NA,NA,NA,NA,NA,NA,NA,NA,NA
"V1.678","p193, Kimber Road","p193, Kimber Road",NA,NA,NA,NA,NA,NA,NA,NA
"V1.679","p193, Bur Road","p193, Bur Road",NA,NA,NA,NA,NA,NA,NA,NA
"V1.680","p193, Burr Road","p193, Burr Road",NA,NA,NA,NA,NA,NA,NA,NA
"V1.681","p194, Duntshill Road","p194, Duntshill Road",NA,NA,NA,NA,NA,NA,NA,NA
"V1.682","p194, Penwith Road","p194, Penwith Road",NA,NA,NA,NA,NA,NA,NA,NA
"V1.683","p194, Summerley Street","p194, Summerley Street",NA,NA,NA,NA,NA,NA,NA,NA
"V1.684","p194, Franche Court Road","p194, Franche Court Road",NA,NA,NA,NA,NA,NA,NA,NA
"V1.685","p194, Wilna Road","p194, Wilna Road",NA,NA,NA,NA,NA,NA,NA,NA
"V1.686","p194, Furmage Street","p194, Furmage Street",NA,NA,NA,NA,NA,NA,NA,NA
"V1.687","p194, Openview","p194, Openview",NA,NA,NA,NA,NA,NA,NA,NA
"V1.688","p195, Openview","p195, Openview",NA,NA,NA,NA,NA,NA,NA,NA
"V1.689","p195, Brightman Road","p195, Brightman Road",NA,NA,NA,NA,NA,NA,NA,NA
"V1.690","p195, Earlsfield","p195, Earlsfield",NA,NA,NA,NA,NA,NA,NA,NA
"V1.691","p195, Lyford Road","p195, Lyford Road",NA,NA,NA,NA,NA,NA,NA,NA
"V1.692","p195, Wandsworth Common","p195, Wandsworth Common",NA,NA,NA,NA,NA,NA,NA,NA
"V1.693","p195, Nightingale Lane","p195, Nightingale Lane",NA,NA,NA,NA,NA,NA,NA,NA
"V1.694","p195, Sarsfeld Road","p195, Sarsfeld Road",NA,NA,NA,NA,NA,NA,NA,NA
"V1.695","p195, Boundaries Road","p195, Boundaries Road",NA,NA,NA,NA,NA,NA,NA,NA
"V1.696","p196, Gobsberton Road","p196, Gobsberton Road",NA,NA,NA,NA,NA,NA,NA,NA
"V1.697","p196, Boundaries Road","p196, Boundaries Road",NA,NA,NA,NA,NA,NA,NA,NA
"V1.698","p196, Mayford Road","p196, Mayford Road",NA,NA,NA,NA,NA,NA,NA,NA
"V1.699","p196, Mayford Road","p196, Mayford Road",NA,NA,NA,NA,NA,NA,NA,NA
"V1.700","p196, Blandfield Road","p196, Blandfield Road",NA,NA,NA,NA,NA,NA,NA,NA
"V1.701","p196, Rinaldo Road","p196, Rinaldo Road",NA,NA,NA,NA,NA,NA,NA,NA
"V1.702","p196, Balham Station Road","p196, Balham Station Road",NA,NA,NA,NA,NA,NA,NA,NA
"V1.703","p196, Fernlea Road","p196, Fernlea Road",NA,NA,NA,NA,NA,NA,NA,NA
"V1.704","p196, Elmfield Road","p196, Elmfield Road",NA,NA,NA,NA,NA,NA,NA,NA
"V1.705","p196, Cloudesdale Road","p196, Cloudesdale Road",NA,NA,NA,NA,NA,NA,NA,NA
"V1.706","p196, Balham High Road","p196, Balham High Road",NA,NA,NA,NA,NA,NA,NA,NA
"V1.707","p196, Streathbourne Road","p196, Streathbourne Road",NA,NA,NA,NA,NA,NA,NA,NA
"V1.708","p196, Huron Road","p196, Huron Road",NA,NA,NA,NA,NA,NA,NA,NA
"V1.709","p197, Fontenoy Road","p197, Fontenoy Road",NA,NA,NA,NA,NA,NA,NA,NA
"V1.710","p197, Emmanuel Road","p197, Emmanuel Road",NA,NA,NA,NA,NA,NA,NA,NA
"V1.711","p197, Hoadly Road","p197, Hoadly Road",NA,NA,NA,NA,NA,NA,NA,NA
"V1.712","p197, Bellasis Avenue","p197, Bellasis Avenue","Bellasis Avenue",0,"13/08/1944",07:57:00,"SW2","Wandsworth","Streatham","21 people were injured by this V1 strike. It demolished 14 houses in Bellasis Avenue and badly damaged 50 in Bellasis Avenue,Criefell Avenue and Thornton Avenue. The road has been totally re-developed with 60's housing"
"V1.713","p197, Barrhill Road","p197, Barrhill Road","Streatham Hill Corner of Barhill Road",1,"03/07/1944",06:36:00,"SW2","Wandsworth","Streatham","The V1 struck the Streatham Hill theatre on the Barhill road side. It was partly demolished and surrounding property was badly damaged. The Theatre was re-built and is currently in use as a bingo hall. The re-built flank wall clearly shows the scars of the V1"
"V1.714","p197, Atkins Road","p197, Atkins Road",NA,NA,NA,NA,NA,NA,NA,NA
"V1.715","p197, Atkins Avenue","p197, Atkins Avenue",NA,NA,NA,NA,NA,NA,NA,NA
"V1.716","p197, Montrell Road","p197, Montrell Road","Streatham Place corner Montell[sic] Road",0,"09/08/1944",06:54:00,"SW2","Wandsworth","Streatham","The V1 injured 24 people. 3 houses were demolished and 30 badly damaged in Montrell Road. 3 were demolished and 20 damaged in Tierney Road. A further 3 were demolished and 20 damaged in Streatham Place. Today post war housing fills the site but the tell tale signs of blanked off gable ends of once terraces housing is clear to see."
"V1.717","p198, Holmewood Gardens","p198, Holmewood Gardens",NA,NA,NA,NA,NA,NA,NA,NA
"V1.718","p198, Streatham Hill","p198, Streatham Hill","Streatham Hill/Opposite end of Wyatt Park Road",0,"24/06/1944",00:38:00,"SW2","Wandsworth","Streatham","The V1 struck in the Streatham High Road opposite the end of Wyatt Park Road.A number of shops, flats and private houses were badly damaged. Looking at the flats opposite the end of Wyatt Park Road you can see the main impact site of the V1 where a V shaped wedge has been taken from the building and then patched up with a slightly different coloured brickwork."
"V1.719","p198, Barcombe Avenue","p198, Barcombe Avenue","Barcombe Avenue West end North Side",4,"28/06/1944",01:15:00,"SW2","Wandsworth","Streatham","The V1 impacted on the North side of Barcombe Avenue a short way up from Streatham High Road. 3 houses were totally demolished and a number badly damaged on both sides of the road. Post war housing can be seen on both side of the road here, indicating the impact site and interrupting the line of the normal style of housing seen in the ABC roads in Streatham"
"V1.720","p198, Downton Avenue","p198, Downton Avenue","Downton Avenue West End North side North side towards Streatham High Road",5,"18/06/1944",01:07:00,"SW2","Wandsworth","Streatham","This V1 fell on the North side of Downton Avenue a short way up from Streatham High Road. 10 houses were demolished and 17 severely damaged. Lesser damage across a wide area. The houses have been re-built to match undamaged counterparts. The only difference that can be detected is that the flank walls display the fact that they have been built using a red-brick common in the 40's, the originals used London stock yellow bricks for the same walls."
"V1.721","p198, Daysbrook Road","p198, Daysbrook Road","Daysbrook Road/Corner Wavertree Road",1,"27/07/1944",22:57:00,"SW2","Wandsworth","Streatham","The V1 badly damaged the girls school at the Wavertree Road/Daysbrook Road junction. 10 house were demolished and 20 badly damaged in Daysbrook Road. 2 were demolished and 10 badly damaged in Wavertree Road. The damage area extended right down Daysbrook Road, including number 2 slightly damaged where I lived for 6 years from 1990. The school has been re-built and carries a plaque which commemorates the event. The demolished houses in Daysbrook Road have been replaced with 60's housing, further down the frontages of the remaining Victorian houses show signs of significant re-building."
"V1.722","p198, Amesbury Avenue","p198, Amesbury Avenue","Amesbury Avenue Junction with Hillside Road",4,"29/06/1944",10:49:00,"SW2","Wandsworth","Streatham","The V1 struck at the junction of Amesbury Road and Hillside Road. 10 houses were totally demolished and a large number badly damaged. The area around the impact site has been extensively re-developed with post war housing and shops"
"V1.723","p198, Kingsmead Road","p198, Kingsmead Road","Kingsmead Road just north of Bend",0,"03/07/1944",18:43:00,"SW2","Lambeth","Tulse Hill","The V1 struck in Kingsmead road just short of the sharp bend. 2 houses were totally demolished and 40 others very badly damaged."
"V1.724","p198, Lanercost Road","p198, Lanercost Road","Christchurch Road/LanercostRoad/ Hillside Road",6,"22/06/1944",05:15:00,"SW2","Lambeth","Tulse Hill","The V1 fell between Christchurch and Lanercost Road a short way up from the junction with Hillside road. .. 6 houses were demolished and 20 very badly damaged. Today the line of large Victorian houses in Christchurch road is interrupted by post war housing development which extend back into Lanercost road."
"V1.725","p198, Tulse Hill","p198, Tulse Hill","Tulse Hill/Abbots park junction",0,"16/07/1944",00:13:00,"SW2","Lambeth","Tulse Hill","The V1 demolished 4 houses on Tulse Hill in the area of the post war St Martins Estate A further 30 were badly damaged. No casualties were reported by the Fire Brigade."
"V1.726","p199, Brockwell Park","p199, Brockwell Park","Brockwell Park",0,"27/06/1944",04:25:00,"SW2","Lambeth","Brixton","The V1 fell in open space in Brockwell Park. No casualties are reported by the Fire Brigade but some damage to surrounding buildings is noted."
"V1.727","p199, Guernsey Grove","p199, Guernsey Grove",NA,NA,NA,NA,NA,NA,NA,NA
"V1.728","p199, Rosendale Road","p199, Rosendale Road",NA,NA,NA,NA,NA,NA,NA,NA
"V1.729","p199, Lovelace Road","p199, Lovelace Road",NA,NA,NA,NA,NA,NA,NA,NA
"V1.730","p199, Rosendale Road","p199, Rosendale Road",NA,NA,NA,NA,NA,NA,NA,NA
"V1.731","p199, Avenue Park Road","p199, Avenue Park Road",NA,NA,NA,NA,NA,NA,NA,NA
"V1.732","p199, York Hill","p199, York Hill",NA,NA,NA,NA,NA,NA,NA,NA
"V1.733","p199, Elmworth Grove","p199, Elmworth Grove",NA,NA,NA,NA,NA,NA,NA,NA
"Point 734","p199, Croxted Road","p199, Croxted Road",NA,NA,NA,NA,NA,NA,NA,NA
"V1.735","p200, Burbage Road","p200, Burbage Road",NA,NA,NA,NA,NA,NA,NA,NA
"V1.736","p200, Gallery Road","p200, Gallery Road",NA,NA,NA,NA,NA,NA,NA,NA
"V1.737","p200, Dulwich Park","p200, Dulwich Park",NA,NA,NA,NA,NA,NA,NA,NA
"V1.738","p200, Dulwich Park","p200, Dulwich Park",NA,NA,NA,NA,NA,NA,NA,NA
"V1.739","p200, College Road","p200, College Road",NA,NA,NA,NA,NA,NA,NA,NA
"V1.740","p200, Dulwich","p200, Dulwich",NA,NA,NA,NA,NA,NA,NA,NA
"V1.741","p200, Dulwich College","p200, Dulwich College",NA,NA,NA,NA,NA,NA,NA,NA
"V1.742","p200, Park Hall Road","p200, Park Hall Road",NA,NA,NA,NA,NA,NA,NA,NA
"V1.743","p200, Park Hall Road","p200, Park Hall Road",NA,NA,NA,NA,NA,NA,NA,NA
"V1.744","p201, Lordship Lane","p201, Lordship Lane",NA,NA,NA,NA,NA,NA,NA,NA
"V1.745","p201, Lordship Lane","p201, Lordship Lane",NA,NA,NA,NA,NA,NA,NA,NA
"V1.746","p201, Lordship Lane","p201, Lordship Lane",NA,NA,NA,NA,NA,NA,NA,NA
"V1.747","p201, Dunstans Road","p201, Dunstans Road",NA,NA,NA,NA,NA,NA,NA,NA
"V1.748","p201, Camberwell Cemetery","p201, Camberwell Cemetery",NA,NA,NA,NA,NA,NA,NA,NA
"V1.749","p201, Ringmore Rise","p201, Ringmore Rise",NA,NA,NA,NA,NA,NA,NA,NA
"V1.750","p201, Horniman Drive","p201, Horniman Drive",NA,NA,NA,NA,NA,NA,NA,NA
"V1.751","p201, Wood Vale","p201, Wood Vale",NA,NA,NA,NA,NA,NA,NA,NA
"V1.752","p201, Lapse Wood Walk","p201, Lapse Wood Walk",NA,NA,NA,NA,NA,NA,NA,NA
"V1.753","p201, Dulwich Golf Course","p201, Dulwich Golf Course",NA,NA,NA,NA,NA,NA,NA,NA
"V1.754","p201, Dulwich Golf Course","p201, Dulwich Golf Course",NA,NA,NA,NA,NA,NA,NA,NA
"V1.755","p201, Thorpewood Avenue","p201, Thorpewood Avenue",NA,NA,NA,NA,NA,NA,NA,NA
"V1.756","p201, Thorpewood Avenue","p201, Thorpewood Avenue",NA,NA,NA,NA,NA,NA,NA,NA
"V1.757","p201, Taymount Rise","p201, Taymount Rise",NA,NA,NA,NA,NA,NA,NA,NA
"V1.758","p202, Boveney Road","p202, Boveney Road",NA,NA,NA,NA,NA,NA,NA,NA
"V1.759","p202, Honor Oak Road","p202, Honor Oak Road",NA,NA,NA,NA,NA,NA,NA,NA
"V1.760","p202, Ewelme Road","p202, Ewelme Road",NA,NA,NA,NA,NA,NA,NA,NA
"V1.761","p202, Garthorne Road","p202, Garthorne Road",NA,NA,NA,NA,NA,NA,NA,NA
"V1.762","p202, Brockley Rise","p202, Brockley Rise",NA,NA,NA,NA,NA,NA,NA,NA
"V1.763","p202, Stanstead Road","p202, Stanstead Road",NA,NA,NA,NA,NA,NA,NA,NA
"V1.764","p202, Forest Hill Station","p202, Forest Hill Station",NA,NA,NA,NA,NA,NA,NA,NA
"V1.765","p202, Clyde Terrace","p202, Clyde Terrace",NA,NA,NA,NA,NA,NA,NA,NA
"V1.766","p202, Westbourne Drive","p202, Westbourne Drive",NA,NA,NA,NA,NA,NA,NA,NA
"V1.767","p202, Perry Vale","p202, Perry Vale",NA,NA,NA,NA,NA,NA,NA,NA
"V1.768","p202, Como Road","p202, Como Road",NA,NA,NA,NA,NA,NA,NA,NA
"V1.769","p203, Stillness Road","p203, Stillness Road",NA,NA,NA,NA,NA,NA,NA,NA
"V1.770","p203, Fermor Road","p203, Fermor Road",NA,NA,NA,NA,NA,NA,NA,NA
"V1.771","p203, Hurstbourne Road","p203, Hurstbourne Road",NA,NA,NA,NA,NA,NA,NA,NA
"V1.772","p203, Exbury Road","p203, Exbury Road",NA,NA,NA,NA,NA,NA,NA,NA
"V1.773","p203, Riverview Park","p203, Riverview Park",NA,NA,NA,NA,NA,NA,NA,NA
"V1.774","p204, Elmer Road","p204, Elmer Road",NA,NA,NA,NA,NA,NA,NA,NA
"V1.775","p204, Shorndean Street","p204, Shorndean Street",NA,NA,NA,NA,NA,NA,NA,NA
"V1.776","p204, Bargery Road","p204, Bargery Road",NA,NA,NA,NA,NA,NA,NA,NA
"V1.777","p204, Inchmery Road","p204, Inchmery Road",NA,NA,NA,NA,NA,NA,NA,NA
"V1.778","p204, Aitken Road","p204, Aitken Road",NA,NA,NA,NA,NA,NA,NA,NA
"V1.779","p205, Arngask Road","p205, Arngask Road",NA,NA,NA,NA,NA,NA,NA,NA
"V1.780","p205, Ardoch Road","p205, Ardoch Road",NA,NA,NA,NA,NA,NA,NA,NA
"V1.781","p205, Hazelbank Road","p205, Hazelbank Road",NA,NA,NA,NA,NA,NA,NA,NA
"V1.782","p205, Broadfield Road","p205, Broadfield Road",NA,NA,NA,NA,NA,NA,NA,NA
"V1.783","p205, Further Green Road","p205, Further Green Road",NA,NA,NA,NA,NA,NA,NA,NA
"V1.784","p205, Springbank Road","p205, Springbank Road",NA,NA,NA,NA,NA,NA,NA,NA
"V1.785","p205, Ronver Road","p205, Ronver Road",NA,NA,NA,NA,NA,NA,NA,NA
"V1.786","p205, Newstead Road","p205, Newstead Road",NA,NA,NA,NA,NA,NA,NA,NA
"V1.787","p205, Linchmere Road","p205, Linchmere Road",NA,NA,NA,NA,NA,NA,NA,NA
"V1.788","p206, Linchmere Road","p206, Linchmere Road",NA,NA,NA,NA,NA,NA,NA,NA
"V1.789","p206, Harland Road","p206, Harland Road",NA,NA,NA,NA,NA,NA,NA,NA
"V1.790","p206, Winn Road","p206, Winn Road",NA,NA,NA,NA,NA,NA,NA,NA
"V1.791","p207, Horsa Road","p207, Horsa Road",NA,NA,NA,NA,NA,NA,NA,NA
"V1.792","p207, Churchbury Road","p207, Churchbury Road",NA,NA,NA,NA,NA,NA,NA,NA
"V1.793","p207, Gregory Crescent","p207, Gregory Crescent",NA,NA,NA,NA,NA,NA,NA,NA
"V1.794","p207, Sidcup Road","p207, Sidcup Road",NA,NA,NA,NA,NA,NA,NA,NA
"V1.795","p207, Court Road","p207, Court Road",NA,NA,NA,NA,NA,NA,NA,NA
"V1.796","p208, North Park","p208, North Park",NA,NA,NA,NA,NA,NA,NA,NA
"V1.797","p208, Court Road","p208, Court Road",NA,NA,NA,NA,NA,NA,NA,NA
"V1.798","p208, Court Road","p208, Court Road",NA,NA,NA,NA,NA,NA,NA,NA
"V1.799","p209, Southend Crescent",NA,NA,NA,NA,NA,NA,NA,NA,NA
"V1.800","p209, Avery Hill",NA,NA,NA,NA,NA,NA,NA,NA,NA
"V1.801","p209, Avery Hill",NA,NA,NA,NA,NA,NA,NA,NA,NA
"V1.802","p209, Avery Hill ",NA,NA,NA,NA,NA,NA,NA,NA,NA
"V1.803","p209, Castleford Avenue",NA,NA,NA,NA,NA,NA,NA,NA,NA
"V1.804","p209, Avery Hill Road",NA,NA,NA,NA,NA,NA,NA,NA,NA
"V1.805","p209, Sidewood Road",NA,NA,NA,NA,NA,NA,NA,NA,NA
"V1.806","p210, Avery Hill",NA,NA,NA,NA,NA,NA,NA,NA,NA
"V1.807","p213, Streatham Cemetery","p213, Streatham Cemetery",NA,NA,NA,NA,NA,NA,NA,NA
"V1.808","p213, Hebdon Road","p213, Hebdon Road",NA,NA,NA,NA,NA,NA,NA,NA
"V1.809","p213, Fishponds Road",NA,NA,NA,NA,NA,NA,NA,NA,NA
"V1.810","p213, Broadwater Road",NA,NA,NA,NA,NA,NA,NA,NA,NA
"V1.811","p213, Tooting Grove",NA,NA,NA,NA,NA,NA,NA,NA,NA
"V1.812","p213, Blackshaw Road",NA,NA,NA,NA,NA,NA,NA,NA,NA
"V1.813","p213, Renmuir Street",NA,NA,NA,NA,NA,NA,NA,NA,NA
"V1.814","p214, Eswyn Road",NA,NA,NA,NA,NA,NA,NA,NA,NA
"V1.815","p214, Tooting Graveney Common",NA,NA,NA,NA,NA,NA,NA,NA,NA
"V1.816","p214, Welham Lane",NA,NA,NA,NA,NA,NA,NA,NA,NA
"V1.817","p214, Crowborough Road",NA,NA,NA,NA,NA,NA,NA,NA,NA
"V1.818","p214, Moyser Road",NA,NA,NA,NA,NA,NA,NA,NA,NA
"V1.819","p214, Freshwater Road",NA,NA,NA,NA,NA,NA,NA,NA,NA
"V1.820","p214, Salterford Road",NA,NA,NA,NA,NA,NA,NA,NA,NA
"V1.821","p214, Pendle Road",NA,NA,NA,NA,NA,NA,NA,NA,NA
"V1.822","p215, Ullathorne Road",NA,NA,NA,NA,NA,NA,NA,NA,NA
"V1.823","p215, Abbotsleigh Road",NA,NA,NA,NA,NA,NA,NA,NA,NA
"V1.824","p215, Aldrington Road",NA,NA,NA,NA,NA,NA,NA,NA,NA
"V1.825","p215, Thrale Road",NA,NA,NA,NA,NA,NA,NA,NA,NA
"V1.826","p215, Streatham High Road",NA,NA,NA,NA,NA,NA,NA,NA,NA
"V1.827","p215, Moyser Road",NA,NA,NA,NA,NA,NA,NA,NA,NA
"V1.828","p215, Penrith Street",NA,NA,NA,NA,NA,NA,NA,NA,NA
"V1.829","p215, Barrow Road",NA,NA,NA,NA,NA,NA,NA,NA,NA
"V1.830","p215, Streatham High Road",NA,NA,NA,NA,NA,NA,NA,NA,NA
"V1.831","p218, Hamilton Road",NA,NA,NA,NA,NA,NA,NA,NA,NA
"V1.832","p218, Dulwich Wood Avenue",NA,NA,NA,NA,NA,NA,NA,NA,NA
"V1.833","p218, Bloomhall Road",NA,NA,NA,NA,NA,NA,NA,NA,NA
"V1.834","p218, Hawke Road",NA,NA,NA,NA,NA,NA,NA,NA,NA
"V1.835","p218, Alleyn Park",NA,NA,NA,NA,NA,NA,NA,NA,NA
"V1.836","p218, Sydenham Hill Station","p218, Sydenham Hill Station",NA,NA,NA,NA,NA,NA,NA,NA
"V1.837","p218, Wood Hall ","p218, Wood Hall",NA,NA,NA,NA,NA,NA,NA,NA
"V1.838","p219, Crystal Palace Park Road",NA,NA,NA,NA,NA,NA,NA,NA,NA
"V1.839","p219, Border Road",NA,NA,NA,NA,NA,NA,NA,NA,NA
"V1.840","p219, Wells Park Road",NA,NA,NA,NA,NA,NA,NA,NA,NA
"V1.841","p219, Oaksford Avenue","p219, Oaksford Avenue",NA,NA,NA,NA,NA,NA,NA,NA
"V1.842","p219, Kirkdale",NA,NA,NA,NA,NA,NA,NA,NA,NA
"V1.843","p220, Sydenham Park","p220, Sydenham Park",NA,NA,NA,NA,NA,NA,NA,NA
"V1.844","p219, Dacres Road","p219, Dacres Road",NA,NA,NA,NA,NA,NA,NA,NA
"V1.845","p220, Dacres Road","p220, Dacres Road",NA,NA,NA,NA,NA,NA,NA,NA
"V1.846","p220, Wynell Road","p220, Wynell Road",NA,NA,NA,NA,NA,NA,NA,NA
"V1.847","p220, Perry Rise","p220, Perry Rise",NA,NA,NA,NA,NA,NA,NA,NA
"V1.848","p220, Burghill Road",NA,NA,NA,NA,NA,NA,NA,NA,NA
"V1.849","p220, Addington Grove",NA,NA,NA,NA,NA,NA,NA,NA,NA
"V1.850","p220, Syndeham Road",NA,NA,NA,NA,NA,NA,NA,NA,NA
"V1.851","p220, Tannsfeld Road",NA,NA,NA,NA,NA,NA,NA,NA,NA
"V1.852","p220, Tannsfeld Road",NA,NA,NA,NA,NA,NA,NA,NA,NA
"V1.853","p221, Adamsrill Road","p221, Adamsrill Road",NA,NA,NA,NA,NA,NA,NA,NA
"V1.854","p221, Porthcawe Road",NA,NA,NA,NA,NA,NA,NA,NA,NA
"V1.855","p221, Firhill Road","p221, Firhill Road",NA,NA,NA,NA,NA,NA,NA,NA
"V1.856","p221, Playgreen Way","p221, Playgreen Way",NA,NA,NA,NA,NA,NA,NA,NA
"V1.857","p221, Meadow Close",NA,NA,NA,NA,NA,NA,NA,NA,NA
"V1.858","p222, Watermead Road",NA,NA,NA,NA,NA,NA,NA,NA,NA
"V1.859","p222, Watermead Road",NA,NA,NA,NA,NA,NA,NA,NA,NA
"V1.860","p222, Bromley Road",NA,NA,NA,NA,NA,NA,NA,NA,NA
"V1.861","p222, Southend Lane",NA,NA,NA,NA,NA,NA,NA,NA,NA
"V1.862","p222, Bromley Road",NA,NA,NA,NA,NA,NA,NA,NA,NA
"V1.863","p222, Beckenham Hill Road",NA,NA,NA,NA,NA,NA,NA,NA,NA
"V1.864","p222, Brangbourne Road",NA,NA,NA,NA,NA,NA,NA,NA,NA
"V1.865","p223, Whitefoot Lane","p223, Whitefoot Lane",NA,NA,NA,NA,NA,NA,NA,NA
"V1.866","p223, Churchdown",NA,NA,NA,NA,NA,NA,NA,NA,NA
"V1.867","p223, Rangefield Road",NA,NA,NA,NA,NA,NA,NA,NA,NA
"V1.868","p223, Keedonwood Road",NA,NA,NA,NA,NA,NA,NA,NA,NA
"V1.869","p224, Ivorydown","p224, Ivorydown",NA,NA,NA,NA,NA,NA,NA,NA
"V1.870","p224, Grove Park","p224, Grove Park",NA,NA,NA,NA,NA,NA,NA,NA
"V1.871","p224, Somertrees Avenue","p224, Somertrees Avenue",NA,NA,NA,NA,NA,NA,NA,NA
"V1.872","p226, Mottingham",NA,NA,NA,NA,NA,NA,NA,NA,NA
"V1.873","p226, Sidcup Road",NA,NA,NA,NA,NA,NA,NA,NA,NA
"V1.874","p227, Felthampton Road",NA,NA,NA,NA,NA,NA,NA,NA,NA
"V1.875","p227, Gerda Road",NA,NA,NA,NA,NA,NA,NA,NA,NA
"V1.876","p227, Edgebury",NA,NA,NA,NA,NA,NA,NA,NA,NA
"V1.877","p228, Mitcham Lane",NA,NA,NA,NA,NA,NA,NA,NA,NA
"V1.878","p228, Abercairn Road",NA,NA,NA,NA,NA,NA,NA,NA,NA
"V1.879","p229, Besley Street",NA,NA,NA,NA,NA,NA,NA,NA,NA
"V1.880","p229, Pathfield Road",NA,NA,NA,NA,NA,NA,NA,NA,NA
"V1.881","p229, Northanger Road",NA,NA,NA,NA,NA,NA,NA,NA,NA
"V1.882","p229, Sherwood Avenue",NA,NA,NA,NA,NA,NA,NA,NA,NA
"V1.883","p229, Woodmansterne Road",NA,NA,NA,NA,NA,NA,NA,NA,NA
"V1.884","p229, Sherwood Avenue",NA,NA,NA,NA,NA,NA,NA,NA,NA
"V1.885","p230, London Road",NA,NA,NA,NA,NA,NA,NA,NA,NA
"V1.886","p231, Highland Road",NA,NA,NA,NA,NA,NA,NA,NA,NA
"V1.887","p232, Beckenham Place Park",NA,NA,NA,NA,NA,NA,NA,NA,NA
